A_PARTY,B_PARTY,CALL_TYPE,START_TIME,DURATION_SEC,CELL_ID,IMEI
9781009722,9747515200,VOICE,2025-06-14 20:26:50,124.0,SRT-T08,477346462118583
9781009722,9815362394,VOICE,2025-06-09 17:17:16,129.0,SRT-T01,477346462118583
9781009722,9565845441,VOICE,2025-06-12 18:09:13,537.0,SRT-T07,477346462118583
9781009722,9786595841,VOICE,2025-05-08 11:03:08,51.0,SRT-T05,477346462118583
9781009722,9565845441,VOICE,2025-05-13 20:01:30,34.0,SRT-T05,477346462118583
9781009722,9719579427,VOICE,2025-05-07 20:57:57,30.0,SRT-T08,477346462118583
9781009722,9567550769,VOICE,2025-06-01 21:34:45,552.0,SRT-T02,477346462118583
9781009722,9747515200,VOICE,2025-06-06 11:16:59,16.0,,477346462118583
9781009722,9567550769,VOICE,2025-06-06 08:25:50,136.0,SRT-T01,477346462118583
9781009722,9815362394,VOICE,2025-05-28 09:29:05,105.0,SRT-T03,477346462118583
9781009722,9815362394,VOICE,2025-05-06 10:57:52,37.0,SRT-T03,477346462118583
9781009722,9537429671,VOICE,2025-05-24 19:37:40,21.0,SRT-T04,477346462118583
9781009722,9815362394,SMS,2025-06-09 10:51:11,,SRT-T08,477346462118583
9781009722,9786595841,VOICE,2025-06-06 21:42:21,251.0,SRT-T04,477346462118583
9781009722,9565845441,VOICE,2025-06-11 07:13:55,527.0,SRT-T02,477346462118583
9781009722,9537429671,VOICE,2025-05-19 10:12:54,115.0,SRT-T06,477346462118583
9781009722,9815362394,SMS,2025-05-16 14:11:04,199.0,SRT-T03,477346462118583
9781009722,9537429671,SMS,2025-05-10 09:07:54,410.0,SRT-T10,477346462118583
9610143038,9520222332,VOICE,2025-05-31 16:00:46,56.0,SRT-T10,446644701968302
9610143038,9520222332,VOICE,2025-05-27 14:19:14,57.0,SRT-T08,446644701968302
9610143038,9675584082,VOICE,2025-06-12 17:22:49,31.0,SRT-T06,446644701968302
9610143038,9537429671,VOICE,2025-05-15 14:10:32,127.0,SRT-T06,446644701968302
9610143038,9568035221,VOICE,2025-05-14 17:29:28,399.0,SRT-T09,446644701968302
9610143038,9742203203,VOICE,2025-06-10 16:21:50,17.0,SRT-T10,446644701968302
9610143038,9675584082,SMS,2025-05-26 13:10:05,161.0,SRT-T05,446644701968302
9610143038,9537429671,VOICE,2025-06-13 15:21:14,21.0,SRT-T06,446644701968302
9610143038,9651631365,VOICE,2025-05-14 21:30:20,43.0,SRT-T08,446644701968302
9610143038,9520222332,SMS,2025-05-02 22:57:14,94.0,SRT-T06,446644701968302
9610143038,9742203203,SMS,2025-05-30 20:06:04,422.0,SRT-T06,446644701968302
9610143038,9675584082,VOICE,2025-06-12 13:45:12,29.0,SRT-T01,446644701968302
9610143038,9537429671,VOICE,2025-05-15 11:01:27,569.0,SRT-T05,446644701968302
9610143038,9537429671,SMS,2025-06-11 10:38:27,116.0,SRT-T07,446644701968302
9610143038,9567550769,VOICE,2025-05-12 16:20:19,186.0,SRT-T04,446644701968302
9610143038,9651631365,SMS,2025-06-06 09:52:10,27.0,SRT-T01,446644701968302
9610143038,9675584082,SMS,2025-05-24 10:07:21,13.0,SRT-T03,446644701968302
9523071738,9574612182,VOICE,2025-05-27 19:38:42,19.0,SRT-T07,860709676923438
9523071738,9574612182,VOICE,2025-05-10 10:29:33,142.0,SRT-T09,860709676923438
9523071738,9531458701,SMS,2025-05-20 21:47:02,168.0,SRT-T02,860709676923438
9523071738,9565845441,SMS,2025-05-06 09:52:54,154.0,SRT-T03,860709676923438
9523071738,9565845441,VOICE,2025-05-30 09:54:42,242.0,SRT-T03,860709676923438
9523071738,9756390851,SMS,2025-05-24 12:40:19,528.0,SRT-T09,860709676923438
9523071738,9756390851,VOICE,2025-06-12 22:30:08,310.0,SRT-T06,860709676923438
9523071738,9574612182,VOICE,2025-06-01 19:07:51,175.0,SRT-T08,860709676923438
9523071738,9531458701,VOICE,2025-05-11 08:00:47,112.0,SRT-T09,860709676923438
9523071738,9786595841,SMS,2025-06-06 13:31:14,14.0,SRT-T07,860709676923438
9523071738,9531458701,SMS,2025-05-22 20:14:59,195.0,SRT-T02,860709676923438
9523071738,9531458701,VOICE,2025-05-16 20:00:38,15.0,SRT-T07,860709676923438
9523071738,9565845441,VOICE,2025-05-01 17:58:56,25.0,SRT-T04,860709676923438
9523071738,9531458701,VOICE,2025-06-12 14:04:36,556.0,SRT-T10,860709676923438
9523071738,9786595841,VOICE,2025-05-13 13:42:03,156.0,SRT-T08,860709676923438
9523071738,9531458701,VOICE,2025-05-12 17:34:25,386.0,SRT-T10,860709676923438
9523071738,9565845441,SMS,2025-06-14 18:01:48,20.0,SRT-T05,860709676923438
9786595841,9825678371,SMS,2025-06-06 19:14:56,333.0,SRT-T04,079817775652623
9786595841,9896317243,VOICE,2025-05-24 15:45:29,20.0,SRT-T07,079817775652623
9786595841,9896317243,VOICE,2025-06-09 18:07:14,110.0,SRT-T06,079817775652623
9786595841,9574612182,VOICE,2025-05-22 11:41:55,175.0,SRT-T08,079817775652623
9786595841,9896317243,VOICE,2025-06-04 14:49:59,18.0,SRT-T06,079817775652623
9786595841,9825678371,VOICE,2025-05-08 13:43:50,26.0,SRT-T02,079817775652623
9786595841,9574612182,VOICE,2025-06-04 09:53:48,134.0,SRT-T02,079817775652623
9786595841,9719579427,VOICE,2025-06-11 14:11:08,580.0,SRT-T09,079817775652623
9786595841,9574612182,VOICE,2025-05-12 11:12:50,565.0,SRT-T09,079817775652623
9786595841,9896317243,VOICE,2025-05-09 14:55:15,443.0,SRT-T06,079817775652623
9786595841,9825678371,VOICE,2025-06-08 15:50:34,316.0,SRT-T08,079817775652623
9786595841,9719579427,SMS,2025-05-12 21:16:47,128.0,SRT-T07,079817775652623
9786595841,9719579427,SMS,2025-05-15 09:09:26,422.0,SRT-T06,079817775652623
9786595841,9559868851,SMS,2025-05-26 15:08:58,93.0,SRT-T06,079817775652623
9786595841,9825678371,VOICE,2025-05-21 21:03:59,284.0,SRT-T10,079817775652623
9786595841,9559868851,VOICE,2025-05-02 17:09:47,402.0,SRT-T02,079817775652623
9786595841,9825678371,VOICE,2025-05-27 19:48:55,16.0,SRT-T02,079817775652623
9786595841,9719579427,VOICE,2025-05-07 16:03:17,20.0,SRT-T09,079817775652623
9786595841,9559868851,VOICE,2025-06-03 15:15:01,129.0,SRT-T03,079817775652623
9786595841,9574612182,VOICE,2025-05-16 17:58:20,190.0,SRT-T01,079817775652623
9786595841,9719579427,VOICE,2025-05-30 16:48:18,375.0,SRT-T02,079817775652623
9786595841,9896317243,VOICE,2025-05-28 11:22:49,180.0,SRT-T10,079817775652623
9786595841,9719579427,VOICE,2025-05-27 15:36:21,26.0,SRT-T03,079817775652623
9786595841,9825678371,VOICE,2025-05-11 14:23:18,46.0,SRT-T10,079817775652623
9786595841,9559868851,VOICE,2025-05-30 19:35:33,533.0,SRT-T09,079817775652623
9786595841,9896317243,VOICE,2025-06-09 18:24:04,28.0,SRT-T06,079817775652623
9786595841,9574612182,VOICE,2025-05-26 08:27:15,289.0,SRT-T05,079817775652623
9786595841,9719579427,VOICE,2025-06-10 13:07:28,278.0,SRT-T05,079817775652623
9786595841,9896317243,SMS,2025-06-12 09:13:38,21.0,SRT-T03,079817775652623
9786595841,9896317243,SMS,2025-05-31 08:25:21,24.0,SRT-T09,079817775652623
9786595841,9574612182,VOICE,2025-05-05 14:32:39,20.0,SRT-T04,079817775652623
9742203203,9892917728,VOICE,2025-05-18 21:10:39,374.0,SRT-T04,663503937559240
9742203203,9675584082,SMS,2025-05-15 21:02:28,51.0,SRT-T09,663503937559240
9742203203,9892917728,SMS,2025-06-02 07:04:10,354.0,SRT-T10,663503937559240
9742203203,9892917728,VOICE,2025-06-08 10:03:10,9.0,SRT-T02,663503937559240
9742203203,9523071738,SMS,2025-05-27 08:41:57,34.0,SRT-T03,663503937559240
9742203203,9892917728,VOICE,2025-06-05 15:37:07,7.0,SRT-T07,663503937559240
9742203203,9675584082,VOICE,2025-05-10 16:24:15,491.0,SRT-T04,663503937559240
9742203203,9675584082,VOICE,2025-06-11 19:51:11,35.0,SRT-T04,663503937559240
9742203203,9574612182,VOICE,2025-05-25 10:06:27,70.0,SRT-T01,663503937559240
9742203203,9675584082,VOICE,2025-05-27 11:53:05,97.0,SRT-T10,663503937559240
9742203203,9574612182,SMS,2025-06-09 15:03:04,245.0,SRT-T09,663503937559240
9742203203,9815054631,VOICE,2025-05-26 16:49:15,167.0,SRT-T02,663503937559240
9742203203,9675584082,VOICE,2025-06-01 19:53:45,24.0,SRT-T10,663503937559240
9742203203,9815054631,VOICE,2025-06-13 18:00:08,98.0,SRT-T07,663503937559240
9742203203,9574612182,VOICE,2025-06-06 18:33:35,9.0,SRT-T05,663503937559240
9742203203,9815054631,VOICE,2025-05-17 14:30:00,233.0,SRT-T01,663503937559240
9742203203,9531458701,VOICE,2025-06-06 13:50:22,19.0,SRT-T05,663503937559240
9742203203,9531458701,SMS,2025-05-26 15:31:39,546.0,SRT-T02,663503937559240
9742203203,9892917728,VOICE,2025-06-12 16:18:36,180.0,SRT-T05,663503937559240
9742203203,9815054631,VOICE,2025-05-02 20:32:01,55.0,SRT-T04,663503937559240
9742203203,9574612182,VOICE,2025-05-25 15:41:40,118.0,SRT-T02,663503937559240
9520222332,9825208091,VOICE,2025-05-17 20:54:12,217.0,SRT-T01,894199087403425
9520222332,9825208091,VOICE,2025-05-14 11:46:07,110.0,SRT-T08,894199087403425
9520222332,9765469697,VOICE,2025-06-08 22:29:15,343.0,SRT-T09,894199087403425
9520222332,9825208091,SMS,2025-05-11 11:44:11,12.0,SRT-T01,894199087403425
9520222332,9825208091,SMS,2025-05-31 08:20:53,66.0,SRT-T01,894199087403425
9520222332,9531458701,VOICE,2025-06-05 14:53:15,357.0,SRT-T01,894199087403425
9520222332,9745476551,VOICE,2025-05-30 11:35:28,170.0,SRT-T09,894199087403425
9520222332,9531458701,VOICE,2025-05-22 11:51:31,78.0,SRT-T08,894199087403425
9520222332,9765469697,VOICE,2025-06-02 16:21:26,96.0,SRT-T09,894199087403425
9520222332,9537429671,VOICE,2025-05-14 20:16:11,290.0,SRT-T05,894199087403425
9520222332,9531458701,VOICE,2025-06-10 17:57:54,12.0,SRT-T01,894199087403425
9520222332,9765469697,SMS,2025-05-12 21:04:18,69.0,SRT-T07,894199087403425
9520222332,9530739716,VOICE,2025-05-08 19:30:17,91.0,SRT-T04,894199087403425
9520222332,9825208091,SMS,2025-05-22 19:04:05,28.0,SRT-T03,894199087403425
9520222332,9745476551,SMS,2025-06-14 10:15:09,105.0,SRT-T03,894199087403425
9520222332,9530739716,VOICE,2025-05-03 11:29:03,186.0,SRT-T05,894199087403425
9520222332,9537429671,VOICE,2025-05-26 11:08:52,211.0,SRT-T09,894199087403425
9520222332,9745476551,SMS,2025-05-21 18:37:07,10.0,SRT-T09,894199087403425
9520222332,9745476551,VOICE,2025-06-08 19:43:49,22.0,SRT-T03,894199087403425
9520222332,9567550769,VOICE,2025-05-01 09:04:08,180.0,SRT-T09,894199087403425
9520222332,9530739716,VOICE,2025-05-11 19:07:29,86.0,SRT-T10,894199087403425
9520222332,9745476551,VOICE,2025-06-10 14:32:42,96.0,SRT-T01,894199087403425
9520222332,9523071738,VOICE,2025-05-13 20:01:31,204.0,SRT-T04,894199087403425
9520222332,9530739716,VOICE,2025-06-03 09:15:23,190.0,SRT-T02,894199087403425
9520222332,9567550769,VOICE,2025-05-23 09:37:26,169.0,SRT-T10,894199087403425
9520222332,9825208091,VOICE,2025-05-08 11:28:39,90.0,SRT-T07,894199087403425
9825208091,9834518814,VOICE,2025-05-16 15:18:12,563.0,SRT-T05,543493810814626
9825208091,9568035221,VOICE,2025-05-26 11:06:06,512.0,SRT-T10,543493810814626
9825208091,9552596117,SMS,2025-05-28 08:44:43,428.0,SRT-T09,543493810814626
9825208091,9552596117,VOICE,2025-05-22 21:51:01,312.0,SRT-T07,543493810814626
9825208091,9651631365,SMS,2025-06-10 22:07:42,108.0,SRT-T03,543493810814626
9825208091,9756390851,VOICE,2025-06-09 08:46:38,55.0,SRT-T06,543493810814626
9825208091,9552596117,SMS,2025-05-26 21:40:33,599.0,SRT-T04,543493810814626
9825208091,9645802968,VOICE,2025-06-09 08:58:22,171.0,SRT-T04,543493810814626
9825208091,9567550769,VOICE,2025-06-03 07:52:39,440.0,SRT-T07,543493810814626
9825208091,9552596117,VOICE,2025-06-14 10:46:30,36.0,SRT-T01,543493810814626
9825208091,9552596117,VOICE,2025-06-13 10:18:44,94.0,SRT-T05,543493810814626
9825208091,9892917728,VOICE,2025-05-20 09:04:57,236.0,SRT-T10,543493810814626
9825208091,9834518814,VOICE,2025-05-11 14:28:59,59.0,SRT-T05,543493810814626
9825208091,9645802968,VOICE,2025-06-13 20:24:21,492.0,SRT-T10,543493810814626
9825208091,9645802968,SMS,2025-05-01 18:16:58,18.0,SRT-T06,543493810814626
9825208091,9892917728,VOICE,2025-06-04 19:34:16,15.0,SRT-T03,543493810814626
9825208091,9568035221,VOICE,2025-05-20 08:49:05,108.0,SRT-T02,543493810814626
9825208091,9834518814,SMS,2025-05-28 14:12:50,229.0,SRT-T09,543493810814626
9825208091,9567550769,VOICE,2025-05-24 15:34:18,318.0,SRT-T08,543493810814626
9825208091,9568035221,VOICE,2025-05-01 12:15:44,28.0,SRT-T09,543493810814626
9825208091,9651631365,VOICE,2025-06-11 22:43:02,19.0,SRT-T02,543493810814626
9825208091,9567550769,SMS,2025-05-08 11:01:28,104.0,SRT-T07,543493810814626
9825208091,9645802968,VOICE,2025-05-07 11:15:03,30.0,SRT-T04,543493810814626
9765469697,9677644717,SMS,2025-05-23 17:27:51,19.0,SRT-T05,735512806383025
9765469697,9738477702,VOICE,2025-05-09 19:10:36,12.0,SRT-T08,735512806383025
9765469697,9677644717,VOICE,2025-06-02 10:52:27,435.0,SRT-T05,735512806383025
9765469697,9728534170,VOICE,2025-06-06 21:31:48,338.0,SRT-T08,735512806383025
9765469697,9728534170,SMS,2025-05-14 08:28:35,99.0,SRT-T07,735512806383025
9765469697,9738477702,SMS,2025-06-12 07:58:52,118.0,SRT-T10,735512806383025
9765469697,9892917728,VOICE,2025-05-06 15:30:43,93.0,SRT-T04,735512806383025
9765469697,9728534170,VOICE,2025-05-11 11:32:32,40.0,SRT-T08,735512806383025
9765469697,9892917728,VOICE,2025-06-09 15:42:44,90.0,SRT-T02,735512806383025
9765469697,9728534170,VOICE,2025-06-14 10:58:59,251.0,SRT-T10,735512806383025
9765469697,9677644717,VOICE,2025-05-04 21:20:26,35.0,SRT-T01,735512806383025
9765469697,9728534170,SMS,2025-05-04 19:59:46,436.0,SRT-T01,735512806383025
9765469697,9728534170,VOICE,2025-06-11 10:15:52,27.0,SRT-T07,735512806383025
9765469697,9738477702,VOICE,2025-06-12 11:51:26,168.0,SRT-T01,735512806383025
9765469697,9815054631,SMS,2025-06-06 15:50:06,181.0,SRT-T01,735512806383025
9765469697,9677644717,SMS,2025-05-24 21:25:41,75.0,SRT-T06,735512806383025
9765469697,9522179222,VOICE,2025-05-29 21:59:05,240.0,SRT-T03,735512806383025
9765469697,9522179222,SMS,2025-06-11 19:04:09,36.0,SRT-T10,735512806383025
9765469697,9677644717,VOICE,2025-05-03 19:17:56,225.0,SRT-T09,735512806383025
9765469697,9815054631,VOICE,2025-05-21 20:04:02,8.0,SRT-T08,735512806383025
9765469697,9522179222,SMS,2025-05-28 21:20:52,104.0,SRT-T05,735512806383025
9765469697,9728534170,VOICE,2025-06-09 13:10:07,14.0,SRT-T05,735512806383025
9530739716,9677644717,SMS,2025-05-30 10:05:02,13.0,SRT-T08,114949348146272
9530739716,9552596117,VOICE,2025-06-06 18:21:52,15.0,SRT-T02,114949348146272
9530739716,9786595841,VOICE,2025-05-05 22:51:41,185.0,SRT-T09,114949348146272
9530739716,9565845441,VOICE,2025-05-11 21:46:01,26.0,SRT-T05,114949348146272
9530739716,9786595841,SMS,2025-05-01 10:01:27,43.0,SRT-T01,114949348146272
9530739716,9719579427,SMS,2025-05-24 14:40:05,341.0,SRT-T08,114949348146272
9530739716,9552596117,SMS,2025-05-22 21:53:53,145.0,SRT-T04,114949348146272
9530739716,9677644717,SMS,2025-05-15 07:21:53,104.0,SRT-T08,114949348146272
9530739716,9565845441,VOICE,2025-06-12 18:07:35,147.0,SRT-T01,114949348146272
9530739716,9677644717,VOICE,2025-06-01 08:47:41,22.0,SRT-T06,114949348146272
9530739716,9552596117,SMS,2025-06-13 13:13:25,503.0,SRT-T08,114949348146272
9530739716,9786595841,VOICE,2025-05-29 11:43:36,33.0,SRT-T03,114949348146272
9530739716,9677644717,VOICE,2025-05-03 09:51:55,121.0,SRT-T09,114949348146272
9530739716,9568035221,VOICE,2025-06-05 22:42:27,14.0,SRT-T06,114949348146272
9530739716,9552596117,VOICE,2025-05-28 13:24:42,233.0,SRT-T04,114949348146272
9530739716,9559868851,VOICE,2025-06-01 20:52:18,530.0,SRT-T04,114949348146272
9530739716,9552596117,VOICE,2025-06-10 19:54:11,79.0,SRT-T01,114949348146272
9530739716,9552596117,VOICE,2025-05-19 21:05:43,132.0,SRT-T06,114949348146272
9530739716,9719579427,SMS,2025-05-10 18:29:00,26.0,SRT-T06,114949348146272
9530739716,9719579427,VOICE,2025-05-23 19:13:08,180.0,SRT-T02,114949348146272
9530739716,9786595841,VOICE,2025-05-27 14:13:05,18.0,SRT-T05,114949348146272
9530739716,9559868851,VOICE,2025-06-02 20:13:58,147.0,SRT-T10,114949348146272
9530739716,9677644717,VOICE,2025-05-15 11:41:25,89.0,SRT-T08,114949348146272
9530739716,9677644717,VOICE,2025-05-07 22:20:54,408.0,SRT-T01,114949348146272
9530739716,9559868851,VOICE,2025-06-01 08:47:44,172.0,SRT-T10,114949348146272
9530739716,9719579427,VOICE,2025-05-30 17:19:45,175.0,SRT-T02,114949348146272
9568946910,9559868851,SMS,2025-06-07 12:11:13,210.0,SRT-T10,384235663025200
9568946910,9559868851,VOICE,2025-05-23 17:03:17,597.0,SRT-T06,384235663025200
9568946910,9896317243,VOICE,2025-06-09 21:12:16,221.0,SRT-T04,384235663025200
9568946910,9523071738,VOICE,2025-05-27 22:35:02,211.0,SRT-T07,384235663025200
9568946910,9559868851,SMS,2025-06-07 09:14:55,274.0,SRT-T05,384235663025200
9568946910,9892917728,VOICE,2025-05-03 13:10:05,390.0,SRT-T09,384235663025200
9568946910,9523071738,VOICE,2025-06-10 16:18:34,22.0,SRT-T06,384235663025200
9568946910,9738477702,VOICE,2025-05-17 16:53:10,8.0,SRT-T08,384235663025200
9568946910,9675584082,VOICE,2025-06-10 22:00:55,431.0,SRT-T06,384235663025200
9568946910,9896317243,VOICE,2025-06-04 14:08:41,27.0,SRT-T07,384235663025200
9568946910,9559868851,SMS,2025-06-09 16:22:56,16.0,SRT-T10,384235663025200
9568946910,9559868851,VOICE,2025-05-07 21:11:52,118.0,SRT-T09,384235663025200
9568946910,9559868851,VOICE,2025-05-20 15:43:42,134.0,SRT-T03,384235663025200
9568946910,9892917728,VOICE,2025-05-19 11:05:39,93.0,SRT-T03,384235663025200
9568946910,9738477702,VOICE,2025-05-16 08:41:02,462.0,SRT-T06,384235663025200
9568946910,9896317243,SMS,2025-05-23 08:21:04,97.0,SRT-T08,384235663025200
9568946910,9568035221,SMS,2025-05-30 14:15:32,170.0,SRT-T03,384235663025200
9568946910,9568035221,VOICE,2025-05-04 09:42:58,7.0,SRT-T02,384235663025200
9568946910,9675584082,VOICE,2025-05-11 11:40:13,62.0,SRT-T05,384235663025200
9568946910,9675584082,VOICE,2025-05-30 09:51:23,334.0,SRT-T06,384235663025200
9568946910,9568035221,VOICE,2025-06-08 19:01:40,75.0,SRT-T03,384235663025200
9568946910,9568035221,VOICE,2025-05-17 10:48:52,15.0,SRT-T03,384235663025200
9568946910,9675584082,SMS,2025-05-09 10:47:56,132.0,SRT-T02,384235663025200
9568946910,9675584082,VOICE,2025-05-08 10:37:50,13.0,SRT-T03,384235663025200
9568946910,9892917728,VOICE,2025-06-10 13:53:57,309.0,SRT-T01,384235663025200
9568946910,9896317243,VOICE,2025-05-28 10:52:13,15.0,SRT-T10,384235663025200
9568946910,9559868851,VOICE,2025-06-08 22:21:44,395.0,SRT-T05,384235663025200
9568946910,9738477702,VOICE,2025-05-27 10:24:50,14.0,SRT-T09,384235663025200
9568946910,9892917728,VOICE,2025-06-10 14:29:50,19.0,SRT-T05,384235663025200
9568946910,9568035221,VOICE,2025-06-12 10:29:39,104.0,SRT-T05,384235663025200
9661276073,9512276834,VOICE,2025-05-29 07:14:30,13.0,SRT-T03,596955917800765
9661276073,9765469697,VOICE,2025-05-02 09:11:26,18.0,SRT-T10,596955917800765
9661276073,9512276834,VOICE,2025-05-08 21:19:03,54.0,SRT-T06,596955917800765
9661276073,9675584082,VOICE,2025-06-01 13:01:06,17.0,SRT-T02,596955917800765
9661276073,9537429671,SMS,2025-05-14 18:58:41,78.0,SRT-T06,596955917800765
9661276073,9896317243,VOICE,2025-05-16 22:13:45,9.0,SRT-T04,596955917800765
9661276073,9512276834,VOICE,2025-05-14 12:45:19,23.0,SRT-T08,596955917800765
9661276073,9568035221,VOICE,2025-06-13 16:50:05,178.0,SRT-T09,596955917800765
9661276073,9728534170,VOICE,2025-05-25 21:51:40,598.0,SRT-T08,596955917800765
9661276073,9675584082,VOICE,2025-05-03 21:09:49,25.0,SRT-T06,596955917800765
9661276073,9896317243,VOICE,2025-06-04 13:08:57,294.0,SRT-T05,596955917800765
9661276073,9537429671,VOICE,2025-05-01 10:41:45,413.0,SRT-T05,596955917800765
9661276073,9512276834,VOICE,2025-06-10 17:27:01,63.0,SRT-T07,596955917800765
9661276073,9675584082,VOICE,2025-05-22 11:09:17,51.0,SRT-T02,596955917800765
9661276073,9765469697,VOICE,2025-05-11 20:03:26,50.0,SRT-T03,596955917800765
9661276073,9765469697,VOICE,2025-05-10 18:04:04,7.0,SRT-T10,596955917800765
9661276073,9896317243,SMS,2025-05-27 22:09:24,158.0,SRT-T07,596955917800765
9661276073,9896317243,SMS,2025-05-08 07:29:48,396.0,SRT-T01,596955917800765
9661276073,9765469697,VOICE,2025-05-11 17:34:27,20.0,SRT-T08,596955917800765
9661276073,9537429671,VOICE,2025-06-04 11:16:47,113.0,SRT-T03,596955917800765
9661276073,9896317243,VOICE,2025-06-12 09:07:21,175.0,SRT-T08,596955917800765
9661276073,9512276834,VOICE,2025-05-12 19:25:56,5.0,SRT-T09,596955917800765
9661276073,9568035221,VOICE,2025-05-13 18:37:47,63.0,SRT-T06,596955917800765
9661276073,9537429671,VOICE,2025-05-31 13:47:43,213.0,SRT-T01,596955917800765
9661276073,9747515200,SMS,2025-05-11 17:30:37,322.0,SRT-T06,596955917800765
9815054631,9522179222,VOICE,2025-05-01 19:37:49,70.0,SRT-T08,292236836548376
9815054631,9745476551,VOICE,2025-05-18 07:18:54,116.0,SRT-T03,292236836548376
9815054631,9568035221,VOICE,2025-05-11 11:10:06,96.0,SRT-T09,292236836548376
9815054631,9781009722,SMS,2025-05-24 10:04:31,525.0,SRT-T10,292236836548376
9815054631,9745476551,VOICE,2025-05-17 07:57:52,173.0,SRT-T03,292236836548376
9815054631,9781009722,VOICE,2025-06-08 20:37:41,35.0,SRT-T07,292236836548376
9815054631,9522179222,VOICE,2025-05-23 17:38:18,96.0,SRT-T07,292236836548376
9815054631,9530739716,SMS,2025-05-05 10:42:38,538.0,SRT-T10,292236836548376
9815054631,9530739716,VOICE,2025-05-02 17:14:53,11.0,SRT-T03,292236836548376
9815054631,9651631365,VOICE,2025-06-04 20:10:39,126.0,SRT-T01,292236836548376
9815054631,9896317243,SMS,2025-05-28 22:07:49,39.0,SRT-T04,292236836548376
9815054631,9651631365,VOICE,2025-05-11 09:51:56,545.0,SRT-T01,292236836548376
9815054631,9520604193,SMS,2025-06-08 09:00:26,428.0,SRT-T05,292236836548376
9815054631,9568035221,VOICE,2025-06-06 13:59:36,14.0,SRT-T02,292236836548376
9815054631,9745476551,SMS,2025-05-15 20:06:01,325.0,SRT-T02,292236836548376
9815054631,9522179222,VOICE,2025-06-01 19:35:23,362.0,SRT-T04,292236836548376
9815054631,9745476551,SMS,2025-05-14 10:04:06,101.0,SRT-T09,292236836548376
9815054631,9568035221,SMS,2025-06-03 08:06:24,13.0,SRT-T01,292236836548376
9574612182,9892917728,VOICE,2025-06-10 19:15:51,103.0,SRT-T07,266054660951629
9574612182,9670936518,SMS,2025-05-06 17:00:27,18.0,SRT-T02,266054660951629
9574612182,9892917728,VOICE,2025-05-16 22:27:16,98.0,SRT-T01,266054660951629
9574612182,9738477702,VOICE,2025-05-01 21:19:46,24.0,SRT-T04,266054660951629
9574612182,9670936518,VOICE,2025-05-09 09:56:37,59.0,SRT-T08,266054660951629
9574612182,9537429671,VOICE,2025-05-02 19:53:44,126.0,SRT-T04,266054660951629
9574612182,9742203203,VOICE,2025-05-13 14:19:32,13.0,SRT-T02,266054660951629
9574612182,9552596117,SMS,2025-05-22 12:47:35,24.0,SRT-T08,266054660951629
9574612182,9892917728,VOICE,2025-06-12 22:03:43,8.0,SRT-T07,266054660951629
9574612182,9742203203,VOICE,2025-05-20 22:17:58,400.0,SRT-T01,266054660951629
9574612182,9742203203,VOICE,2025-05-01 17:27:16,22.0,SRT-T06,266054660951629
9574612182,9670936518,VOICE,2025-05-18 19:07:49,589.0,SRT-T02,266054660951629
9574612182,9552596117,SMS,2025-05-12 21:00:04,502.0,SRT-T06,266054660951629
9574612182,9537429671,VOICE,2025-05-12 21:53:44,283.0,SRT-T07,266054660951629
9574612182,9552596117,VOICE,2025-05-23 20:33:59,24.0,SRT-T08,266054660951629
9574612182,9742203203,VOICE,2025-05-15 22:19:36,30.0,SRT-T02,266054660951629
9574612182,9523071738,SMS,2025-05-29 08:29:13,38.0,SRT-T03,266054660951629
9574612182,9537429671,VOICE,2025-05-20 22:22:08,13.0,SRT-T09,266054660951629
9574612182,9738477702,VOICE,2025-05-07 19:36:22,350.0,SRT-T01,266054660951629
9574612182,9742203203,VOICE,2025-05-12 14:37:05,31.0,SRT-T01,266054660951629
9574612182,9892917728,SMS,2025-06-05 19:31:02,210.0,SRT-T07,266054660951629
9574612182,9537429671,VOICE,2025-06-05 17:45:21,126.0,SRT-T07,266054660951629
9574612182,9523071738,VOICE,2025-06-10 14:37:58,512.0,SRT-T01,266054660951629
9574612182,9537429671,SMS,2025-05-21 10:57:01,245.0,SRT-T09,266054660951629
9574612182,9742203203,VOICE,2025-05-19 08:44:40,164.0,SRT-T09,266054660951629
9574612182,9892917728,VOICE,2025-05-18 12:48:20,169.0,SRT-T02,266054660951629
9574612182,9892917728,SMS,2025-06-06 17:38:17,154.0,SRT-T03,266054660951629
9574612182,9786595841,VOICE,2025-05-24 11:02:08,27.0,SRT-T05,266054660951629
9574612182,9892917728,VOICE,2025-06-03 22:40:32,247.0,SRT-T01,266054660951629
9574612182,9892917728,VOICE,2025-05-12 08:49:50,463.0,SRT-T04,266054660951629
9574612182,9892917728,SMS,2025-06-11 17:26:03,20.0,SRT-T03,266054660951629
9574612182,9537429671,VOICE,2025-06-03 09:45:06,167.0,SRT-T07,266054660951629
9574612182,9552596117,VOICE,2025-06-14 18:36:56,138.0,SRT-T08,266054660951629
9574612182,9742203203,VOICE,2025-05-13 20:41:52,333.0,SRT-T09,266054660951629
9677644717,9537429671,SMS,2025-05-08 12:10:55,13.0,SRT-T07,636581856723991
9677644717,9537429671,VOICE,2025-05-09 13:04:25,402.0,SRT-T09,636581856723991
9677644717,9520604193,VOICE,2025-06-14 20:42:38,159.0,SRT-T05,636581856723991
9677644717,9512276834,VOICE,2025-05-28 16:23:22,15.0,SRT-T02,636581856723991
9677644717,9512276834,SMS,2025-05-21 17:12:59,180.0,SRT-T02,636581856723991
9677644717,9520604193,VOICE,2025-05-26 18:20:58,15.0,SRT-T06,636581856723991
9677644717,9520604193,VOICE,2025-05-03 16:38:58,228.0,SRT-T04,636581856723991
9677644717,9520604193,VOICE,2025-05-30 13:47:30,16.0,SRT-T03,636581856723991
9677644717,9537429671,VOICE,2025-05-26 18:06:39,509.0,SRT-T02,636581856723991
9677644717,9537429671,VOICE,2025-05-14 07:43:17,282.0,SRT-T06,636581856723991
9677644717,9522179222,VOICE,2025-06-05 12:55:25,372.0,SRT-T04,636581856723991
9677644717,9512276834,VOICE,2025-06-05 19:34:59,480.0,SRT-T03,636581856723991
9677644717,9522179222,SMS,2025-05-13 22:32:35,109.0,SRT-T08,636581856723991
9677644717,9520604193,VOICE,2025-06-11 12:44:25,22.0,SRT-T10,636581856723991
9677644717,9520604193,SMS,2025-05-09 22:31:17,499.0,SRT-T06,636581856723991
9677644717,9892917728,VOICE,2025-05-29 08:39:57,8.0,SRT-T05,636581856723991
9677644717,9520604193,VOICE,2025-05-19 16:00:30,224.0,SRT-T10,636581856723991
9677644717,9520604193,VOICE,2025-05-19 21:46:52,96.0,SRT-T03,636581856723991
9677644717,9522179222,SMS,2025-06-03 10:42:00,17.0,SRT-T03,636581856723991
9677644717,9520604193,SMS,2025-05-08 21:39:14,24.0,SRT-T08,636581856723991
9677644717,9522179222,VOICE,2025-05-24 07:05:56,297.0,SRT-T10,636581856723991
9677644717,9520604193,VOICE,2025-06-11 12:35:37,17.0,SRT-T04,636581856723991
9520604193,9781009722,VOICE,2025-05-23 10:02:29,13.0,SRT-T05,404142620029876
9520604193,9645802968,VOICE,2025-05-20 15:03:33,14.0,SRT-T07,404142620029876
9520604193,9645802968,VOICE,2025-05-30 08:32:30,147.0,SRT-T08,404142620029876
9520604193,9781009722,VOICE,2025-05-25 09:21:55,383.0,SRT-T09,404142620029876
9520604193,9834518814,VOICE,2025-05-31 20:55:33,74.0,SRT-T03,404142620029876
9520604193,9677644717,SMS,2025-05-13 12:49:46,159.0,SRT-T08,404142620029876
9520604193,9815362394,VOICE,2025-05-14 22:10:41,371.0,SRT-T10,404142620029876
9520604193,9677644717,VOICE,2025-06-01 14:58:44,54.0,SRT-T03,404142620029876
9520604193,9834518814,VOICE,2025-05-02 19:13:32,229.0,SRT-T09,404142620029876
9520604193,9645802968,SMS,2025-06-12 19:56:05,158.0,SRT-T08,404142620029876
9520604193,9825678371,VOICE,2025-06-02 21:05:22,519.0,SRT-T07,404142620029876
9520604193,9815362394,VOICE,2025-05-21 16:06:59,16.0,SRT-T08,404142620029876
9520604193,9825678371,VOICE,2025-05-31 18:06:30,340.0,SRT-T05,404142620029876
9520604193,9645802968,VOICE,2025-06-06 21:17:25,9.0,SRT-T05,404142620029876
9520604193,9645802968,SMS,2025-06-03 12:02:40,99.0,SRT-T05,404142620029876
9520604193,9815362394,SMS,2025-06-08 07:27:06,10.0,SRT-T02,404142620029876
9520604193,9815362394,SMS,2025-05-10 20:13:07,409.0,SRT-T06,404142620029876
9520604193,9825678371,VOICE,2025-05-08 11:23:37,192.0,SRT-T08,404142620029876
9520604193,9815362394,SMS,2025-05-14 18:33:15,300.0,SRT-T01,404142620029876
9520604193,9834518814,VOICE,2025-06-14 07:44:51,314.0,SRT-T10,404142620029876
9520604193,9825678371,VOICE,2025-06-03 12:15:43,31.0,SRT-T04,404142620029876
9520604193,9834518814,VOICE,2025-05-13 17:29:33,22.0,SRT-T06,404142620029876
9520604193,9825678371,SMS,2025-05-30 22:15:06,11.0,SRT-T08,404142620029876
9520604193,9645802968,VOICE,2025-05-09 07:19:03,97.0,SRT-T10,404142620029876
9520604193,9815362394,VOICE,2025-05-17 19:55:34,21.0,SRT-T04,404142620029876
9520604193,9781009722,VOICE,2025-05-20 13:52:49,116.0,SRT-T05,404142620029876
9520604193,9825678371,VOICE,2025-06-11 11:30:18,5.0,SRT-T02,404142620029876
9520604193,9645802968,VOICE,2025-05-04 22:50:15,24.0,SRT-T09,404142620029876
9520604193,9645802968,VOICE,2025-06-07 11:12:48,586.0,SRT-T03,404142620029876
9520604193,9815362394,VOICE,2025-05-24 19:03:54,208.0,SRT-T01,404142620029876
9520604193,9645802968,VOICE,2025-06-06 07:46:46,456.0,SRT-T07,404142620029876
9567550769,9645802968,VOICE,2025-05-20 16:48:36,265.0,SRT-T06,597586462566857
9567550769,9520604193,VOICE,2025-06-04 21:13:52,67.0,SRT-T05,597586462566857
9567550769,9645802968,VOICE,2025-05-06 12:26:15,27.0,SRT-T01,597586462566857
9567550769,9512276834,VOICE,2025-05-17 16:33:55,268.0,SRT-T06,597586462566857
9567550769,9512276834,VOICE,2025-05-07 21:10:45,14.0,SRT-T04,597586462566857
9567550769,9754105096,VOICE,2025-06-08 16:39:27,445.0,SRT-T07,597586462566857
9567550769,9512276834,SMS,2025-05-21 10:33:13,409.0,SRT-T06,597586462566857
9567550769,9568946910,SMS,2025-05-08 18:15:44,21.0,SRT-T01,597586462566857
9567550769,9520604193,VOICE,2025-05-01 21:13:39,21.0,SRT-T02,597586462566857
9567550769,9512276834,VOICE,2025-05-07 15:00:19,84.0,SRT-T04,597586462566857
9567550769,9520604193,SMS,2025-05-11 10:37:01,28.0,SRT-T06,597586462566857
9567550769,9645802968,VOICE,2025-05-10 10:39:53,137.0,SRT-T10,597586462566857
9567550769,9512276834,VOICE,2025-06-03 09:34:27,174.0,SRT-T08,597586462566857
9567550769,9754105096,VOICE,2025-05-24 15:47:47,6.0,SRT-T06,597586462566857
9567550769,9754105096,VOICE,2025-05-03 17:27:13,67.0,SRT-T07,597586462566857
9567550769,9520604193,VOICE,2025-05-06 08:24:47,117.0,SRT-T05,597586462566857
9567550769,9754105096,VOICE,2025-05-08 12:32:32,30.0,SRT-T01,597586462566857
9567550769,9512276834,SMS,2025-06-04 22:38:08,157.0,SRT-T09,597586462566857
9567550769,9520604193,VOICE,2025-05-26 21:20:17,137.0,SRT-T04,597586462566857
9567550769,9754105096,VOICE,2025-06-07 17:42:31,40.0,SRT-T03,597586462566857
9567550769,9754105096,VOICE,2025-05-20 08:30:47,162.0,SRT-T04,597586462566857
9567550769,9754105096,VOICE,2025-05-04 10:23:59,542.0,SRT-T02,597586462566857
9567550769,9645802968,VOICE,2025-05-04 15:49:01,23.0,SRT-T04,597586462566857
9567550769,9645802968,VOICE,2025-05-07 07:51:29,86.0,SRT-T02,597586462566857
9567550769,9754105096,SMS,2025-06-07 17:28:02,210.0,SRT-T01,597586462566857
9567550769,9512276834,VOICE,2025-05-15 14:20:19,9.0,SRT-T10,597586462566857
9567550769,9512276834,VOICE,2025-06-11 18:47:23,96.0,SRT-T04,597586462566857
9567550769,9568946910,VOICE,2025-06-03 17:11:32,72.0,SRT-T05,597586462566857
9567550769,9645802968,SMS,2025-05-14 20:10:24,18.0,SRT-T07,597586462566857
9567550769,9568946910,VOICE,2025-06-01 18:35:22,104.0,SRT-T02,597586462566857
9567550769,9568946910,VOICE,2025-05-02 14:46:19,391.0,SRT-T02,597586462566857
9567550769,9754105096,VOICE,2025-05-19 21:37:34,101.0,SRT-T02,597586462566857
9896317243,9567550769,VOICE,2025-05-29 18:57:56,174.0,SRT-T04,758002284493814
9896317243,9512276834,VOICE,2025-06-04 21:18:29,125.0,SRT-T02,758002284493814
9896317243,9825208091,VOICE,2025-05-05 12:28:38,7.0,SRT-T08,758002284493814
9896317243,9567550769,VOICE,2025-05-22 22:19:35,240.0,SRT-T04,758002284493814
9896317243,9747515200,VOICE,2025-05-27 16:55:57,10.0,SRT-T01,758002284493814
9896317243,9747515200,SMS,2025-05-11 21:29:50,377.0,SRT-T04,758002284493814
9896317243,9719579427,VOICE,2025-05-26 21:02:15,402.0,SRT-T08,758002284493814
9896317243,9537429671,VOICE,2025-06-08 17:12:57,64.0,SRT-T09,758002284493814
9896317243,9825208091,VOICE,2025-05-23 12:33:03,12.0,SRT-T05,758002284493814
9896317243,9825208091,SMS,2025-05-26 21:25:40,23.0,SRT-T09,758002284493814
9896317243,9825208091,VOICE,2025-06-04 11:38:55,508.0,SRT-T02,758002284493814
9896317243,9825208091,VOICE,2025-05-19 08:23:06,49.0,SRT-T04,758002284493814
9896317243,9719579427,VOICE,2025-06-05 22:50:55,287.0,SRT-T06,758002284493814
9896317243,9719579427,SMS,2025-05-18 21:13:08,21.0,SRT-T09,758002284493814
9896317243,9719579427,SMS,2025-06-04 12:06:13,197.0,SRT-T07,758002284493814
9896317243,9537429671,VOICE,2025-05-04 22:58:21,174.0,SRT-T03,758002284493814
9896317243,9567550769,SMS,2025-05-07 16:41:16,25.0,SRT-T09,758002284493814
9896317243,9537429671,VOICE,2025-06-02 20:25:11,326.0,SRT-T10,758002284493814
9896317243,9537429671,SMS,2025-06-05 14:14:33,236.0,SRT-T07,758002284493814
9896317243,9719579427,VOICE,2025-06-03 07:33:33,400.0,SRT-T08,758002284493814
9896317243,9537429671,SMS,2025-05-01 16:05:02,477.0,SRT-T01,758002284493814
9825678371,9738477702,SMS,2025-05-11 20:03:35,16.0,SRT-T06,283186722413501
9825678371,9531458701,VOICE,2025-05-20 14:12:25,9.0,SRT-T02,283186722413501
9825678371,9537429671,VOICE,2025-05-05 12:42:26,5.0,SRT-T07,283186722413501
9825678371,9537429671,VOICE,2025-05-06 08:28:38,341.0,SRT-T04,283186722413501
9825678371,9520604193,VOICE,2025-06-11 13:25:25,20.0,SRT-T09,283186722413501
9825678371,9537429671,SMS,2025-05-26 09:00:51,54.0,SRT-T06,283186722413501
9825678371,9825208091,VOICE,2025-06-14 08:02:58,83.0,SRT-T07,283186722413501
9825678371,9537429671,VOICE,2025-06-04 20:22:24,5.0,SRT-T05,283186722413501
9825678371,9520604193,VOICE,2025-05-03 15:31:53,281.0,SRT-T02,283186722413501
9825678371,9825208091,VOICE,2025-05-25 13:14:34,5.0,SRT-T08,283186722413501
9825678371,9738477702,VOICE,2025-06-10 22:37:43,493.0,SRT-T08,283186722413501
9825678371,9738477702,SMS,2025-06-12 11:36:37,52.0,SRT-T04,283186722413501
9825678371,9537429671,VOICE,2025-06-10 13:30:30,140.0,SRT-T07,283186722413501
9825678371,9520604193,SMS,2025-06-13 17:37:29,52.0,SRT-T04,283186722413501
9825678371,9520604193,SMS,2025-05-26 20:14:39,28.0,SRT-T10,283186722413501
9825678371,9520604193,SMS,2025-05-21 19:17:29,6.0,SRT-T07,283186722413501
9825678371,9738477702,VOICE,2025-06-14 22:12:47,11.0,SRT-T05,283186722413501
9670936518,9610143038,VOICE,2025-06-07 14:36:33,51.0,SRT-T09,934330484644835
9670936518,9568946910,VOICE,2025-05-15 11:04:03,13.0,SRT-T06,934330484644835
9670936518,9530739716,VOICE,2025-06-01 14:56:48,113.0,SRT-T08,934330484644835
9670936518,9610143038,VOICE,2025-05-20 07:08:34,25.0,SRT-T08,934330484644835
9670936518,9520604193,SMS,2025-05-06 16:23:20,572.0,SRT-T09,934330484644835
9670936518,9781009722,VOICE,2025-06-12 15:25:26,178.0,SRT-T03,934330484644835
9670936518,9530739716,VOICE,2025-05-09 12:37:17,214.0,SRT-T08,934330484644835
9670936518,9520604193,SMS,2025-06-07 18:47:02,201.0,SRT-T04,934330484644835
9670936518,9610143038,VOICE,2025-05-18 19:56:20,83.0,SRT-T04,934330484644835
9670936518,9520604193,VOICE,2025-06-03 20:44:46,376.0,SRT-T08,934330484644835
9670936518,9610143038,VOICE,2025-06-04 14:17:32,435.0,SRT-T06,934330484644835
9670936518,9520604193,SMS,2025-06-08 07:22:25,454.0,SRT-T07,934330484644835
9670936518,9568946910,VOICE,2025-06-02 09:29:13,119.0,SRT-T04,934330484644835
9670936518,9781009722,VOICE,2025-05-22 13:22:29,10.0,SRT-T03,934330484644835
9670936518,9568946910,VOICE,2025-06-13 18:10:46,11.0,SRT-T09,934330484644835
9670936518,9568946910,VOICE,2025-05-12 14:18:50,16.0,SRT-T07,934330484644835
9670936518,9610143038,VOICE,2025-05-14 20:24:41,26.0,SRT-T09,934330484644835
9670936518,9610143038,VOICE,2025-05-13 19:56:55,162.0,SRT-T08,934330484644835
9670936518,9610143038,VOICE,2025-06-12 07:55:55,98.0,SRT-T04,934330484644835
9670936518,9781009722,SMS,2025-05-18 21:10:22,9.0,SRT-T08,934330484644835
9670936518,9530739716,VOICE,2025-06-11 21:15:33,357.0,SRT-T08,934330484644835
9670936518,9781009722,VOICE,2025-06-09 19:46:17,170.0,SRT-T10,934330484644835
9670936518,9568946910,VOICE,2025-06-09 16:00:03,54.0,SRT-T03,934330484644835
9670936518,9530739716,SMS,2025-05-29 07:25:36,520.0,SRT-T01,934330484644835
9670936518,9610143038,VOICE,2025-06-05 12:35:36,5.0,SRT-T07,934330484644835
9670936518,9520604193,SMS,2025-05-27 18:36:43,13.0,SRT-T10,934330484644835
9892917728,9719579427,VOICE,2025-05-12 10:49:47,125.0,SRT-T06,867832044152674
9892917728,9520604193,VOICE,2025-05-14 11:01:57,22.0,SRT-T09,867832044152674
9892917728,9756390851,SMS,2025-05-08 17:39:47,114.0,SRT-T05,867832044152674
9892917728,9523071738,SMS,2025-05-28 10:55:10,10.0,SRT-T07,867832044152674
9892917728,9567550769,VOICE,2025-06-10 09:40:18,116.0,SRT-T10,867832044152674
9892917728,9719579427,VOICE,2025-05-20 16:04:41,353.0,SRT-T02,867832044152674
9892917728,9719579427,VOICE,2025-05-23 16:14:08,34.0,SRT-T02,867832044152674
9892917728,9567550769,VOICE,2025-06-03 09:10:16,55.0,SRT-T02,867832044152674
9892917728,9742203203,SMS,2025-05-01 09:04:18,456.0,SRT-T01,867832044152674
9892917728,9520604193,VOICE,2025-06-11 08:17:55,61.0,SRT-T05,867832044152674
9892917728,9520604193,SMS,2025-05-08 12:06:28,276.0,SRT-T06,867832044152674
9892917728,9567550769,VOICE,2025-05-26 22:52:44,22.0,SRT-T10,867832044152674
9892917728,9520604193,VOICE,2025-05-20 18:39:29,562.0,SRT-T05,867832044152674
9892917728,9719579427,VOICE,2025-06-10 09:53:30,25.0,SRT-T06,867832044152674
9892917728,9719579427,SMS,2025-06-13 07:57:58,18.0,SRT-T09,867832044152674
9892917728,9531458701,VOICE,2025-05-17 17:03:32,600.0,SRT-T04,867832044152674
9892917728,9742203203,VOICE,2025-06-08 12:51:04,99.0,SRT-T01,867832044152674
9892917728,9719579427,VOICE,2025-06-01 07:46:45,70.0,SRT-T01,867832044152674
9892917728,9531458701,VOICE,2025-05-29 12:14:20,30.0,SRT-T08,867832044152674
9892917728,9742203203,VOICE,2025-05-21 10:43:43,333.0,SRT-T01,867832044152674
9892917728,9520604193,SMS,2025-05-11 09:16:33,11.0,SRT-T10,867832044152674
9892917728,9742203203,VOICE,2025-05-08 22:23:40,26.0,SRT-T03,867832044152674
9892917728,9567550769,SMS,2025-05-21 16:07:33,16.0,SRT-T05,867832044152674
9892917728,9567550769,SMS,2025-05-22 20:23:37,12.0,SRT-T01,867832044152674
9892917728,9742203203,SMS,2025-05-21 09:53:58,217.0,SRT-T09,867832044152674
9892917728,9567550769,VOICE,2025-06-03 15:49:05,9.0,SRT-T02,867832044152674
9892917728,9531458701,SMS,2025-05-10 22:40:52,45.0,SRT-T09,867832044152674
9892917728,9742203203,VOICE,2025-05-03 12:04:51,19.0,SRT-T01,867832044152674
9892917728,9742203203,VOICE,2025-05-29 17:25:25,143.0,SRT-T08,867832044152674
9892917728,9567550769,VOICE,2025-06-03 20:37:59,5.0,SRT-T06,867832044152674
9892917728,9523071738,VOICE,2025-05-21 08:15:26,19.0,SRT-T09,867832044152674
9892917728,9567550769,SMS,2025-05-29 13:15:54,10.0,SRT-T08,867832044152674
9892917728,9719579427,VOICE,2025-05-26 20:12:41,66.0,SRT-T01,867832044152674
9552596117,9523071738,VOICE,2025-05-24 11:59:47,175.0,SRT-T09,937891691073691
9552596117,9574612182,SMS,2025-05-06 13:04:57,223.0,SRT-T07,937891691073691
9552596117,9530739716,SMS,2025-05-04 13:41:37,64.0,SRT-T06,937891691073691
9552596117,9574612182,SMS,2025-05-10 11:21:37,566.0,SRT-T05,937891691073691
9552596117,9815054631,VOICE,2025-05-01 12:50:02,498.0,SRT-T09,937891691073691
9552596117,9815054631,SMS,2025-05-18 18:21:04,140.0,SRT-T07,937891691073691
9552596117,9523071738,SMS,2025-05-24 09:14:25,26.0,SRT-T05,937891691073691
9552596117,9523071738,VOICE,2025-05-20 11:51:13,110.0,SRT-T01,937891691073691
9552596117,9574612182,SMS,2025-05-30 16:12:33,19.0,SRT-T06,937891691073691
9552596117,9523071738,VOICE,2025-05-23 12:44:24,134.0,SRT-T05,937891691073691
9552596117,9815054631,SMS,2025-06-05 12:00:35,125.0,SRT-T09,937891691073691
9552596117,9523071738,SMS,2025-05-02 17:26:27,114.0,SRT-T08,937891691073691
9552596117,9574612182,VOICE,2025-06-03 12:34:41,5.0,SRT-T07,937891691073691
9552596117,9523071738,VOICE,2025-05-01 19:03:31,25.0,SRT-T05,937891691073691
9552596117,9896317243,VOICE,2025-05-12 09:59:25,166.0,SRT-T04,937891691073691
9552596117,9815054631,VOICE,2025-05-31 17:40:01,8.0,SRT-T02,937891691073691
9552596117,9523071738,VOICE,2025-05-02 08:59:37,540.0,SRT-T04,937891691073691
9552596117,9574612182,SMS,2025-05-14 12:55:15,469.0,SRT-T03,937891691073691
9552596117,9574612182,SMS,2025-05-23 08:16:13,329.0,SRT-T10,937891691073691
9552596117,9523071738,SMS,2025-05-02 14:35:06,24.0,SRT-T06,937891691073691
9552596117,9815054631,VOICE,2025-06-02 11:31:26,13.0,SRT-T07,937891691073691
9552596117,9523071738,VOICE,2025-05-26 21:25:23,131.0,SRT-T07,937891691073691
9552596117,9896317243,SMS,2025-05-13 07:10:26,30.0,SRT-T06,937891691073691
9552596117,9574612182,VOICE,2025-05-02 20:56:30,233.0,SRT-T10,937891691073691
9552596117,9815054631,VOICE,2025-05-20 10:22:44,20.0,SRT-T07,937891691073691
9728534170,9745476551,VOICE,2025-05-09 11:02:46,160.0,SRT-T10,099424793474302
9728534170,9815362394,VOICE,2025-05-13 15:47:16,6.0,SRT-T06,099424793474302
9728534170,9537429671,VOICE,2025-05-03 19:42:13,16.0,SRT-T10,099424793474302
9728534170,9537429671,SMS,2025-05-16 17:09:50,428.0,SRT-T04,099424793474302
9728534170,9815362394,VOICE,2025-05-03 11:05:42,486.0,SRT-T03,099424793474302
9728534170,9670936518,VOICE,2025-05-15 16:13:47,111.0,SRT-T09,099424793474302
9728534170,9537429671,VOICE,2025-06-13 16:22:39,386.0,SRT-T09,099424793474302
9728534170,9815362394,SMS,2025-06-03 19:39:53,39.0,SRT-T03,099424793474302
9728534170,9537429671,VOICE,2025-05-12 11:59:48,474.0,SRT-T02,099424793474302
9728534170,9670936518,VOICE,2025-05-07 09:35:44,102.0,SRT-T05,099424793474302
9728534170,9670936518,SMS,2025-05-28 18:39:01,561.0,SRT-T01,099424793474302
9728534170,9719579427,VOICE,2025-05-15 14:43:23,97.0,SRT-T03,099424793474302
9728534170,9745476551,VOICE,2025-05-30 09:30:41,243.0,SRT-T02,099424793474302
9728534170,9670936518,VOICE,2025-06-09 16:47:08,13.0,SRT-T10,099424793474302
9728534170,9719579427,VOICE,2025-05-30 19:28:04,149.0,SRT-T07,099424793474302
9728534170,9815362394,VOICE,2025-06-04 08:52:39,343.0,SRT-T04,099424793474302
9728534170,9815362394,VOICE,2025-06-09 15:23:25,28.0,SRT-T01,099424793474302
9728534170,9719579427,VOICE,2025-05-02 13:09:16,98.0,SRT-T07,099424793474302
9728534170,9815362394,SMS,2025-05-11 17:40:25,447.0,SRT-T02,099424793474302
9728534170,9719579427,SMS,2025-05-20 15:04:11,30.0,SRT-T09,099424793474302
9728534170,9815362394,VOICE,2025-05-13 08:35:50,56.0,SRT-T04,099424793474302
9728534170,9745476551,SMS,2025-05-16 17:57:04,534.0,SRT-T05,099424793474302
9728534170,9815362394,SMS,2025-05-26 17:11:41,62.0,SRT-T06,099424793474302
9728534170,9745476551,VOICE,2025-05-12 19:55:37,29.0,SRT-T05,099424793474302
9728534170,9745476551,VOICE,2025-05-15 22:38:07,24.0,SRT-T03,099424793474302
9728534170,9745476551,VOICE,2025-05-24 20:16:21,323.0,SRT-T06,099424793474302
9728534170,9745476551,SMS,2025-06-11 10:40:18,427.0,SRT-T03,099424793474302
9834518814,9565845441,VOICE,2025-06-01 12:22:45,492.0,SRT-T02,361412777620372
9834518814,9670936518,SMS,2025-05-22 19:11:31,376.0,SRT-T02,361412777620372
9834518814,9537429671,VOICE,2025-05-13 19:01:51,16.0,SRT-T02,361412777620372
9834518814,9520222332,VOICE,2025-05-30 22:11:03,103.0,SRT-T06,361412777620372
9834518814,9670936518,VOICE,2025-06-08 14:11:35,30.0,SRT-T09,361412777620372
9834518814,9520222332,VOICE,2025-05-05 12:51:42,11.0,SRT-T01,361412777620372
9834518814,9670936518,VOICE,2025-05-20 12:39:23,16.0,SRT-T05,361412777620372
9834518814,9565845441,VOICE,2025-05-07 21:22:39,16.0,SRT-T06,361412777620372
9834518814,9670936518,VOICE,2025-05-02 16:06:16,20.0,SRT-T05,361412777620372
9834518814,9565845441,VOICE,2025-06-04 13:56:56,441.0,SRT-T07,361412777620372
9834518814,9537429671,SMS,2025-06-02 22:23:47,151.0,SRT-T06,361412777620372
9834518814,9815362394,VOICE,2025-05-17 09:08:29,9.0,SRT-T03,361412777620372
9834518814,9815362394,VOICE,2025-05-19 17:42:29,585.0,SRT-T05,361412777620372
9834518814,9537429671,VOICE,2025-05-08 22:52:23,196.0,SRT-T01,361412777620372
9834518814,9728534170,VOICE,2025-05-06 09:12:36,83.0,SRT-T03,361412777620372
9834518814,9559868851,SMS,2025-05-11 16:46:50,53.0,SRT-T07,361412777620372
9834518814,9520222332,VOICE,2025-06-02 08:15:39,22.0,SRT-T04,361412777620372
9834518814,9537429671,SMS,2025-05-03 13:17:24,104.0,SRT-T05,361412777620372
9834518814,9520222332,VOICE,2025-05-22 19:23:31,205.0,SRT-T03,361412777620372
9834518814,9565845441,SMS,2025-06-14 17:43:57,19.0,SRT-T05,361412777620372
9834518814,9537429671,SMS,2025-06-09 07:14:40,19.0,SRT-T08,361412777620372
9834518814,9520222332,VOICE,2025-05-22 18:34:12,164.0,SRT-T01,361412777620372
9834518814,9559868851,VOICE,2025-05-18 13:33:31,43.0,SRT-T04,361412777620372
9834518814,9559868851,VOICE,2025-05-14 22:37:06,431.0,SRT-T06,361412777620372
9834518814,9815362394,VOICE,2025-05-25 12:13:59,6.0,SRT-T08,361412777620372
9834518814,9559868851,SMS,2025-06-02 20:30:00,11.0,SRT-T08,361412777620372
9834518814,9565845441,VOICE,2025-05-05 22:22:37,165.0,SRT-T07,361412777620372
9834518814,9565845441,VOICE,2025-05-11 20:44:20,62.0,SRT-T05,361412777620372
9738477702,9815054631,VOICE,2025-05-12 17:42:58,145.0,SRT-T09,148610221735063
9738477702,9834518814,VOICE,2025-06-09 17:05:59,356.0,SRT-T10,148610221735063
9738477702,9568035221,VOICE,2025-05-22 11:52:11,13.0,SRT-T03,148610221735063
9738477702,9834518814,VOICE,2025-05-07 22:04:05,295.0,SRT-T02,148610221735063
9738477702,9815054631,SMS,2025-06-08 19:12:47,523.0,SRT-T01,148610221735063
9738477702,9645802968,VOICE,2025-05-03 13:03:43,524.0,SRT-T03,148610221735063
9738477702,9834518814,VOICE,2025-05-04 13:02:58,58.0,SRT-T09,148610221735063
9738477702,9825208091,VOICE,2025-05-24 20:53:43,382.0,SRT-T09,148610221735063
9738477702,9834518814,VOICE,2025-05-04 21:17:22,258.0,SRT-T01,148610221735063
9738477702,9568035221,SMS,2025-05-26 07:16:15,315.0,SRT-T09,148610221735063
9738477702,9568035221,VOICE,2025-05-25 12:15:20,112.0,SRT-T06,148610221735063
9738477702,9756390851,VOICE,2025-06-13 21:40:11,8.0,SRT-T05,148610221735063
9738477702,9747515200,VOICE,2025-05-20 16:45:02,5.0,SRT-T05,148610221735063
9738477702,9645802968,VOICE,2025-05-03 09:53:45,7.0,SRT-T10,148610221735063
9738477702,9815054631,VOICE,2025-06-01 15:57:24,12.0,SRT-T06,148610221735063
9738477702,9834518814,VOICE,2025-05-10 22:57:20,93.0,SRT-T04,148610221735063
9738477702,9834518814,SMS,2025-05-01 16:34:51,118.0,SRT-T01,148610221735063
9738477702,9754105096,SMS,2025-06-02 14:22:13,23.0,SRT-T05,148610221735063
9738477702,9834518814,SMS,2025-05-13 17:32:33,124.0,SRT-T03,148610221735063
9738477702,9645802968,VOICE,2025-05-23 20:36:15,102.0,SRT-T09,148610221735063
9738477702,9756390851,VOICE,2025-06-02 17:16:45,14.0,SRT-T03,148610221735063
9738477702,9747515200,SMS,2025-05-08 18:56:57,515.0,SRT-T08,148610221735063
9738477702,9825208091,VOICE,2025-05-01 14:27:03,83.0,SRT-T01,148610221735063
9738477702,9754105096,VOICE,2025-06-06 21:29:26,426.0,SRT-T03,148610221735063
9738477702,9754105096,VOICE,2025-05-21 16:40:24,28.0,SRT-T07,148610221735063
9738477702,9645802968,VOICE,2025-05-20 14:14:52,13.0,SRT-T07,148610221735063
9738477702,9756390851,VOICE,2025-06-03 20:49:02,329.0,SRT-T03,148610221735063
9738477702,9756390851,VOICE,2025-05-29 18:37:36,9.0,SRT-T08,148610221735063
9738477702,9747515200,VOICE,2025-06-11 15:56:52,321.0,SRT-T02,148610221735063
9738477702,9815054631,VOICE,2025-05-20 12:17:43,298.0,SRT-T02,148610221735063
9738477702,9568035221,SMS,2025-06-05 22:13:00,212.0,SRT-T08,148610221735063
9738477702,9645802968,VOICE,2025-05-31 22:53:44,17.0,SRT-T08,148610221735063
9738477702,9754105096,SMS,2025-05-10 11:13:44,196.0,SRT-T03,148610221735063
9738477702,9825208091,SMS,2025-05-01 19:35:32,121.0,SRT-T01,148610221735063
9531458701,9756390851,SMS,2025-06-09 14:35:52,578.0,SRT-T01,622799766925627
9531458701,9892917728,VOICE,2025-06-13 18:00:11,68.0,SRT-T03,622799766925627
9531458701,9747515200,VOICE,2025-06-05 22:05:37,48.0,SRT-T09,622799766925627
9531458701,9892917728,SMS,2025-05-25 21:49:27,22.0,SRT-T01,622799766925627
9531458701,9756390851,SMS,2025-05-07 20:44:45,434.0,SRT-T03,622799766925627
9531458701,9719579427,SMS,2025-06-13 09:50:27,224.0,SRT-T07,622799766925627
9531458701,9559868851,VOICE,2025-05-15 14:47:05,62.0,SRT-T02,622799766925627
9531458701,9747515200,VOICE,2025-05-09 21:21:26,134.0,SRT-T08,622799766925627
9531458701,9892917728,VOICE,2025-06-12 08:17:15,64.0,SRT-T06,622799766925627
9531458701,9719579427,VOICE,2025-05-16 22:48:22,16.0,SRT-T01,622799766925627
9531458701,9892917728,SMS,2025-06-04 16:04:54,26.0,SRT-T02,622799766925627
9531458701,9523071738,VOICE,2025-06-05 17:40:52,66.0,SRT-T07,622799766925627
9531458701,9756390851,SMS,2025-05-13 15:10:01,24.0,SRT-T06,622799766925627
9531458701,9523071738,SMS,2025-06-09 07:46:15,388.0,SRT-T04,622799766925627
9531458701,9719579427,VOICE,2025-05-08 10:28:52,598.0,SRT-T07,622799766925627
9531458701,9747515200,VOICE,2025-05-22 19:56:16,391.0,SRT-T02,622799766925627
9531458701,9747515200,VOICE,2025-05-24 20:49:21,482.0,SRT-T10,622799766925627
9531458701,9747515200,SMS,2025-05-17 22:57:30,23.0,SRT-T09,622799766925627
9756390851,9567550769,VOICE,2025-06-14 11:13:05,170.0,SRT-T06,456352344522827
9756390851,9610143038,VOICE,2025-05-05 07:14:52,9.0,SRT-T07,456352344522827
9756390851,9815054631,VOICE,2025-05-25 18:43:04,54.0,SRT-T01,456352344522827
9756390851,9523071738,SMS,2025-06-04 19:59:38,146.0,SRT-T05,456352344522827
9756390851,9610143038,VOICE,2025-05-14 07:48:11,163.0,SRT-T01,456352344522827
9756390851,9781009722,SMS,2025-05-17 18:29:00,23.0,SRT-T09,456352344522827
9756390851,9815054631,VOICE,2025-05-08 20:00:42,29.0,SRT-T08,456352344522827
9756390851,9512276834,VOICE,2025-05-07 18:55:40,255.0,SRT-T05,456352344522827
9756390851,9523071738,VOICE,2025-05-26 11:03:20,46.0,SRT-T07,456352344522827
9756390851,9610143038,SMS,2025-05-07 12:54:05,471.0,SRT-T05,456352344522827
9756390851,9522179222,VOICE,2025-05-03 10:56:18,191.0,SRT-T02,456352344522827
9756390851,9567550769,VOICE,2025-06-12 21:39:36,26.0,SRT-T07,456352344522827
9756390851,9815054631,VOICE,2025-06-14 18:31:02,97.0,SRT-T10,456352344522827
9756390851,9815054631,VOICE,2025-05-14 10:23:11,148.0,SRT-T08,456352344522827
9756390851,9781009722,SMS,2025-06-06 13:42:27,25.0,SRT-T07,456352344522827
9756390851,9512276834,VOICE,2025-06-12 20:42:26,144.0,SRT-T06,456352344522827
9756390851,9523071738,SMS,2025-05-24 18:31:56,594.0,SRT-T08,456352344522827
9756390851,9781009722,VOICE,2025-06-04 18:33:30,24.0,SRT-T02,456352344522827
9756390851,9523071738,VOICE,2025-06-07 14:02:39,12.0,SRT-T06,456352344522827
9756390851,9522179222,SMS,2025-05-22 17:15:08,65.0,SRT-T03,456352344522827
9756390851,9610143038,SMS,2025-06-10 18:32:09,68.0,SRT-T03,456352344522827
9756390851,9781009722,VOICE,2025-05-06 14:43:57,22.0,SRT-T10,456352344522827
9756390851,9781009722,VOICE,2025-06-11 12:08:14,252.0,SRT-T07,456352344522827
9756390851,9567550769,VOICE,2025-05-23 09:38:28,567.0,SRT-T09,456352344522827
9756390851,9781009722,VOICE,2025-05-09 16:37:57,19.0,SRT-T08,456352344522827
9756390851,9512276834,VOICE,2025-05-21 12:20:57,578.0,SRT-T02,456352344522827
9756390851,9815054631,VOICE,2025-05-24 20:27:48,552.0,SRT-T04,456352344522827
9756390851,9610143038,VOICE,2025-05-08 09:40:37,21.0,SRT-T04,456352344522827
9756390851,9567550769,SMS,2025-05-19 08:31:45,33.0,SRT-T06,456352344522827
9756390851,9815054631,SMS,2025-06-09 18:28:45,28.0,SRT-T10,456352344522827
9756390851,9781009722,VOICE,2025-05-21 13:06:06,55.0,SRT-T02,456352344522827
9651631365,9834518814,SMS,2025-05-27 19:08:56,265.0,SRT-T09,219433234204785
9651631365,9661276073,VOICE,2025-06-01 11:58:28,314.0,SRT-T06,219433234204785
9651631365,9765469697,SMS,2025-06-14 22:05:24,529.0,SRT-T04,219433234204785
9651631365,9661276073,VOICE,2025-05-24 18:46:42,356.0,SRT-T03,219433234204785
9651631365,9559868851,VOICE,2025-06-05 09:03:56,13.0,SRT-T05,219433234204785
9651631365,9574612182,SMS,2025-05-12 21:03:36,150.0,SRT-T01,219433234204785
9651631365,9559868851,VOICE,2025-05-27 15:43:30,178.0,SRT-T05,219433234204785
9651631365,9765469697,VOICE,2025-06-01 22:47:00,26.0,SRT-T06,219433234204785
9651631365,9574612182,VOICE,2025-06-12 08:24:06,278.0,SRT-T02,219433234204785
9651631365,9834518814,VOICE,2025-05-27 13:55:05,520.0,SRT-T02,219433234204785
9651631365,9765469697,VOICE,2025-06-05 10:53:49,135.0,SRT-T02,219433234204785
9651631365,9661276073,VOICE,2025-05-09 10:26:35,519.0,SRT-T02,219433234204785
9651631365,9559868851,SMS,2025-05-30 16:44:11,268.0,SRT-T06,219433234204785
9651631365,9765469697,SMS,2025-06-14 07:48:38,126.0,SRT-T01,219433234204785
9651631365,9834518814,VOICE,2025-05-20 18:11:03,30.0,SRT-T04,219433234204785
9651631365,9834518814,VOICE,2025-05-06 18:06:34,165.0,SRT-T07,219433234204785
9651631365,9661276073,VOICE,2025-06-13 19:07:59,22.0,SRT-T04,219433234204785
9651631365,9574612182,VOICE,2025-05-12 18:02:21,12.0,SRT-T10,219433234204785
9651631365,9574612182,VOICE,2025-05-05 19:20:12,353.0,SRT-T08,219433234204785
9651631365,9574612182,VOICE,2025-05-27 11:33:46,20.0,SRT-T08,219433234204785
9651631365,9574612182,VOICE,2025-05-23 12:00:34,29.0,SRT-T07,219433234204785
9651631365,9559868851,SMS,2025-05-27 17:37:28,22.0,SRT-T03,219433234204785
9651631365,9574612182,SMS,2025-05-31 18:58:06,9.0,SRT-T02,219433234204785
9651631365,9559868851,VOICE,2025-05-14 21:44:47,471.0,SRT-T08,219433234204785
9651631365,9765469697,VOICE,2025-05-21 17:56:42,30.0,SRT-T05,219433234204785
9651631365,9765469697,VOICE,2025-05-01 17:40:45,7.0,SRT-T05,219433234204785
9651631365,9661276073,VOICE,2025-05-21 16:38:43,9.0,SRT-T06,219433234204785
9651631365,9661276073,VOICE,2025-05-02 21:12:58,26.0,SRT-T09,219433234204785
9651631365,9834518814,SMS,2025-05-06 17:32:32,139.0,SRT-T05,219433234204785
9537429671,9781009722,SMS,2025-05-09 18:03:17,381.0,SRT-T02,821243164575632
9537429671,9781009722,VOICE,2025-05-10 16:20:00,483.0,SRT-T02,821243164575632
9537429671,9670936518,VOICE,2025-05-19 10:40:59,56.0,SRT-T06,821243164575632
9537429671,9825678371,VOICE,2025-05-20 11:10:53,25.0,SRT-T03,821243164575632
9537429671,9756390851,VOICE,2025-06-03 13:12:52,143.0,SRT-T03,821243164575632
9537429671,9670936518,VOICE,2025-05-14 22:42:01,126.0,SRT-T06,821243164575632
9537429671,9834518814,VOICE,2025-06-12 22:21:50,6.0,SRT-T07,821243164575632
9537429671,9781009722,VOICE,2025-05-17 22:19:45,477.0,SRT-T08,821243164575632
9537429671,9756390851,VOICE,2025-05-10 16:05:00,98.0,SRT-T09,821243164575632
9537429671,9825678371,VOICE,2025-05-21 15:03:16,55.0,SRT-T05,821243164575632
9537429671,9781009722,SMS,2025-05-15 20:57:46,6.0,SRT-T10,821243164575632
9537429671,9825678371,SMS,2025-06-04 08:55:59,16.0,SRT-T09,821243164575632
9537429671,9825678371,SMS,2025-06-10 20:26:38,82.0,SRT-T07,821243164575632
9537429671,9825678371,VOICE,2025-05-13 07:39:55,483.0,SRT-T07,821243164575632
9537429671,9825678371,SMS,2025-06-14 10:59:56,112.0,SRT-T05,821243164575632
9537429671,9825678371,VOICE,2025-06-14 17:37:53,11.0,SRT-T03,821243164575632
9537429671,9756390851,SMS,2025-05-24 10:07:15,18.0,SRT-T06,821243164575632
9537429671,9825678371,SMS,2025-05-25 12:31:27,176.0,SRT-T08,821243164575632
9537429671,9670936518,VOICE,2025-06-02 14:56:18,220.0,SRT-T08,821243164575632
9537429671,9781009722,VOICE,2025-05-31 20:22:18,7.0,SRT-T04,821243164575632
9537429671,9825678371,VOICE,2025-05-30 14:30:25,68.0,SRT-T08,821243164575632
9537429671,9781009722,SMS,2025-05-18 18:07:03,389.0,SRT-T06,821243164575632
9537429671,9670936518,SMS,2025-05-28 17:36:46,500.0,SRT-T01,821243164575632
9568035221,9610143038,SMS,2025-06-11 18:18:32,128.0,SRT-T03,765212757513588
9568035221,9651631365,VOICE,2025-06-06 12:35:32,29.0,SRT-T06,765212757513588
9568035221,9522179222,SMS,2025-05-21 21:02:06,11.0,SRT-T07,765212757513588
9568035221,9786595841,VOICE,2025-05-19 17:58:50,17.0,SRT-T01,765212757513588
9568035221,9523071738,VOICE,2025-06-04 11:25:14,15.0,SRT-T01,765212757513588
9568035221,9651631365,VOICE,2025-05-08 09:14:27,19.0,SRT-T05,765212757513588
9568035221,9786595841,SMS,2025-06-11 11:50:47,211.0,SRT-T07,765212757513588
9568035221,9567550769,VOICE,2025-05-03 08:46:14,45.0,SRT-T07,765212757513588
9568035221,9610143038,VOICE,2025-05-31 22:01:06,147.0,SRT-T01,765212757513588
9568035221,9786595841,VOICE,2025-05-01 19:15:26,78.0,SRT-T10,765212757513588
9568035221,9567550769,VOICE,2025-05-16 08:04:50,428.0,SRT-T04,765212757513588
9568035221,9651631365,VOICE,2025-05-27 13:35:06,22.0,SRT-T08,765212757513588
9568035221,9523071738,SMS,2025-05-21 11:45:20,39.0,SRT-T01,765212757513588
9568035221,9610143038,VOICE,2025-05-09 16:03:03,335.0,SRT-T01,765212757513588
9568035221,9522179222,SMS,2025-05-07 20:46:54,70.0,SRT-T10,765212757513588
9568035221,9567550769,VOICE,2025-05-11 22:21:22,17.0,SRT-T04,765212757513588
9568035221,9786595841,VOICE,2025-05-25 22:06:35,23.0,SRT-T02,765212757513588
9568035221,9567550769,VOICE,2025-05-01 19:46:08,94.0,SRT-T01,765212757513588
9568035221,9522179222,VOICE,2025-05-05 14:08:44,331.0,SRT-T02,765212757513588
9568035221,9523071738,VOICE,2025-05-31 12:13:36,393.0,SRT-T03,765212757513588
9568035221,9522179222,VOICE,2025-05-30 10:02:59,302.0,SRT-T06,765212757513588
9568035221,9567550769,VOICE,2025-05-19 13:28:17,451.0,SRT-T07,765212757513588
9568035221,9567550769,VOICE,2025-05-02 21:12:45,75.0,SRT-T05,765212757513588
9719579427,9567550769,SMS,2025-06-04 22:23:18,275.0,SRT-T01,320216970917177
9719579427,9523071738,VOICE,2025-06-06 07:33:05,94.0,SRT-T09,320216970917177
9719579427,9651631365,SMS,2025-05-10 08:16:53,371.0,SRT-T06,320216970917177
9719579427,9567550769,VOICE,2025-05-09 09:04:38,154.0,SRT-T05,320216970917177
9719579427,9522179222,VOICE,2025-05-20 16:56:21,285.0,SRT-T02,320216970917177
9719579427,9645802968,SMS,2025-05-26 16:06:49,148.0,SRT-T06,320216970917177
9719579427,9522179222,VOICE,2025-05-01 11:05:12,13.0,SRT-T07,320216970917177
9719579427,9651631365,VOICE,2025-05-25 09:49:16,256.0,SRT-T04,320216970917177
9719579427,9610143038,VOICE,2025-05-05 08:16:39,260.0,SRT-T09,320216970917177
9719579427,9522179222,VOICE,2025-06-13 19:48:39,561.0,SRT-T08,320216970917177
9719579427,9610143038,SMS,2025-05-19 10:02:40,22.0,SRT-T03,320216970917177
9719579427,9523071738,SMS,2025-05-08 09:56:45,423.0,SRT-T08,320216970917177
9719579427,9568946910,VOICE,2025-06-06 21:14:35,7.0,SRT-T06,320216970917177
9719579427,9651631365,VOICE,2025-05-27 12:23:43,7.0,SRT-T10,320216970917177
9719579427,9645802968,VOICE,2025-06-12 19:36:40,123.0,SRT-T01,320216970917177
9719579427,9522179222,SMS,2025-05-20 13:40:02,77.0,SRT-T09,320216970917177
9719579427,9568946910,SMS,2025-05-30 21:24:14,114.0,SRT-T07,320216970917177
9719579427,9522179222,SMS,2025-06-06 19:33:54,221.0,SRT-T05,320216970917177
9719579427,9523071738,VOICE,2025-05-14 13:01:51,26.0,SRT-T01,320216970917177
9719579427,9645802968,SMS,2025-05-05 07:41:05,80.0,SRT-T02,320216970917177
9719579427,9610143038,VOICE,2025-05-01 20:26:54,47.0,SRT-T03,320216970917177
9719579427,9610143038,VOICE,2025-05-08 10:34:09,360.0,SRT-T10,320216970917177
9719579427,9610143038,VOICE,2025-05-27 09:47:39,325.0,SRT-T07,320216970917177
9719579427,9522179222,VOICE,2025-05-13 14:22:39,46.0,SRT-T04,320216970917177
9719579427,9568946910,VOICE,2025-05-24 13:16:52,20.0,SRT-T06,320216970917177
9719579427,9610143038,VOICE,2025-06-11 14:04:29,585.0,SRT-T02,320216970917177
9719579427,9567550769,SMS,2025-05-20 09:33:56,33.0,SRT-T04,320216970917177
9719579427,9522179222,VOICE,2025-05-15 18:56:14,40.0,SRT-T04,320216970917177
9719579427,9522179222,SMS,2025-05-23 11:23:01,213.0,SRT-T08,320216970917177
9719579427,9756390851,VOICE,2025-05-18 13:11:10,185.0,SRT-T04,320216970917177
9719579427,9568946910,VOICE,2025-06-11 08:02:17,7.0,SRT-T02,320216970917177
9719579427,9568946910,VOICE,2025-05-07 17:40:05,30.0,SRT-T03,320216970917177
9745476551,9756390851,VOICE,2025-06-05 13:52:28,565.0,SRT-T08,273694235223566
9745476551,9756390851,SMS,2025-05-22 19:59:45,28.0,SRT-T01,273694235223566
9745476551,9537429671,SMS,2025-05-06 20:52:36,522.0,SRT-T03,273694235223566
9745476551,9786595841,VOICE,2025-05-29 13:07:11,12.0,SRT-T10,273694235223566
9745476551,9512276834,SMS,2025-06-01 10:30:43,268.0,SRT-T09,273694235223566
9745476551,9834518814,VOICE,2025-05-26 09:27:14,25.0,SRT-T01,273694235223566
9745476551,9675584082,VOICE,2025-05-21 18:59:19,27.0,SRT-T02,273694235223566
9745476551,9786595841,VOICE,2025-05-27 07:52:33,16.0,SRT-T04,273694235223566
9745476551,9756390851,SMS,2025-06-14 18:25:53,161.0,SRT-T08,273694235223566
9745476551,9537429671,VOICE,2025-06-09 16:57:01,255.0,SRT-T01,273694235223566
9745476551,9756390851,SMS,2025-05-22 11:47:43,311.0,SRT-T09,273694235223566
9745476551,9675584082,VOICE,2025-05-27 20:49:11,50.0,SRT-T04,273694235223566
9745476551,9512276834,SMS,2025-05-05 21:34:13,11.0,SRT-T06,273694235223566
9745476551,9834518814,VOICE,2025-05-30 20:34:46,86.0,SRT-T04,273694235223566
9745476551,9537429671,VOICE,2025-05-06 14:35:37,25.0,SRT-T04,273694235223566
9745476551,9786595841,VOICE,2025-05-16 11:09:18,8.0,SRT-T09,273694235223566
9745476551,9537429671,VOICE,2025-06-14 10:59:48,212.0,SRT-T08,273694235223566
9745476551,9756390851,VOICE,2025-05-05 18:38:01,40.0,SRT-T06,273694235223566
9745476551,9512276834,SMS,2025-05-22 14:27:45,11.0,SRT-T02,273694235223566
9745476551,9537429671,VOICE,2025-05-30 22:15:45,163.0,SRT-T09,273694235223566
9745476551,9786595841,VOICE,2025-05-31 08:18:49,405.0,SRT-T02,273694235223566
9745476551,9537429671,VOICE,2025-05-23 11:28:42,147.0,SRT-T09,273694235223566
9745476551,9537429671,VOICE,2025-05-31 12:43:12,381.0,SRT-T06,273694235223566
9745476551,9512276834,VOICE,2025-06-14 20:34:03,7.0,SRT-T08,273694235223566
9745476551,9537429671,VOICE,2025-05-02 19:07:07,9.0,SRT-T04,273694235223566
9745476551,9756390851,VOICE,2025-05-27 10:35:20,55.0,SRT-T02,273694235223566
9745476551,9512276834,VOICE,2025-05-08 15:25:31,26.0,SRT-T10,273694235223566
9745476551,9786595841,SMS,2025-06-08 08:45:19,9.0,SRT-T02,273694235223566
9745476551,9756390851,SMS,2025-05-19 18:01:59,532.0,SRT-T03,273694235223566
9745476551,9675584082,VOICE,2025-05-16 14:40:42,176.0,SRT-T01,273694235223566
9745476551,9537429671,VOICE,2025-05-04 20:26:53,13.0,SRT-T03,273694235223566
9745476551,9756390851,VOICE,2025-06-06 11:30:59,552.0,SRT-T10,273694235223566
9559868851,9834518814,VOICE,2025-05-02 08:53:24,11.0,SRT-T06,433224117147089
9559868851,9754105096,VOICE,2025-05-13 12:36:53,166.0,SRT-T02,433224117147089
9559868851,9728534170,VOICE,2025-06-09 16:50:25,231.0,SRT-T06,433224117147089
9559868851,9565845441,VOICE,2025-05-21 17:54:54,12.0,SRT-T01,433224117147089
9559868851,9565845441,VOICE,2025-05-25 17:59:29,153.0,SRT-T04,433224117147089
9559868851,9568946910,VOICE,2025-06-10 10:47:19,515.0,SRT-T10,433224117147089
9559868851,9512276834,VOICE,2025-05-20 21:09:26,33.0,SRT-T05,433224117147089
9559868851,9565845441,VOICE,2025-05-26 15:25:20,458.0,SRT-T08,433224117147089
9559868851,9531458701,VOICE,2025-05-05 16:31:04,52.0,SRT-T04,433224117147089
9559868851,9512276834,SMS,2025-06-07 17:34:04,27.0,SRT-T05,433224117147089
9559868851,9531458701,VOICE,2025-05-07 09:33:00,350.0,SRT-T02,433224117147089
9559868851,9512276834,SMS,2025-05-14 15:47:58,8.0,SRT-T03,433224117147089
9559868851,9568946910,VOICE,2025-05-03 20:35:49,23.0,SRT-T05,433224117147089
9559868851,9834518814,VOICE,2025-05-08 08:09:48,122.0,SRT-T05,433224117147089
9559868851,9568946910,VOICE,2025-05-11 07:23:36,110.0,SRT-T10,433224117147089
9559868851,9568946910,VOICE,2025-05-07 10:13:44,37.0,SRT-T03,433224117147089
9559868851,9834518814,VOICE,2025-05-23 17:34:28,291.0,SRT-T05,433224117147089
9559868851,9531458701,SMS,2025-05-15 15:13:24,17.0,SRT-T01,433224117147089
9522179222,9568946910,VOICE,2025-05-14 08:52:27,12.0,SRT-T10,157423096278685
9522179222,9825678371,VOICE,2025-05-25 16:46:20,31.0,SRT-T01,157423096278685
9522179222,9568946910,VOICE,2025-05-06 11:29:17,23.0,SRT-T08,157423096278685
9522179222,9825678371,VOICE,2025-05-29 07:03:18,17.0,SRT-T05,157423096278685
9522179222,9781009722,VOICE,2025-06-01 08:57:28,28.0,SRT-T05,157423096278685
9522179222,9568946910,VOICE,2025-06-06 12:51:38,9.0,SRT-T05,157423096278685
9522179222,9781009722,VOICE,2025-05-24 14:43:54,28.0,SRT-T04,157423096278685
9522179222,9520604193,VOICE,2025-05-25 19:21:13,168.0,SRT-T08,157423096278685
9522179222,9552596117,VOICE,2025-05-28 07:25:07,20.0,SRT-T09,157423096278685
9522179222,9520604193,SMS,2025-05-11 07:43:52,505.0,SRT-T08,157423096278685
9522179222,9825678371,VOICE,2025-06-13 10:10:29,60.0,SRT-T08,157423096278685
9522179222,9568946910,SMS,2025-05-30 10:58:15,144.0,SRT-T09,157423096278685
9522179222,9568946910,VOICE,2025-05-30 17:32:13,566.0,SRT-T05,157423096278685
9522179222,9568946910,VOICE,2025-06-05 22:55:40,5.0,SRT-T06,157423096278685
9522179222,9520604193,VOICE,2025-05-27 08:21:44,21.0,SRT-T09,157423096278685
9522179222,9520604193,VOICE,2025-05-12 16:25:32,15.0,SRT-T05,157423096278685
9522179222,9568946910,VOICE,2025-05-11 10:23:11,18.0,SRT-T04,157423096278685
9522179222,9552596117,SMS,2025-05-10 08:07:30,114.0,SRT-T07,157423096278685
9522179222,9520604193,VOICE,2025-06-14 14:58:48,198.0,SRT-T09,157423096278685
9522179222,9568946910,VOICE,2025-05-10 07:25:21,30.0,SRT-T10,157423096278685
9522179222,9781009722,SMS,2025-05-15 22:14:06,457.0,SRT-T01,157423096278685
9565845441,9754105096,SMS,2025-05-17 12:09:07,6.0,SRT-T02,788161258857679
9565845441,9742203203,VOICE,2025-05-17 13:30:13,154.0,SRT-T04,788161258857679
9565845441,9559868851,VOICE,2025-05-27 12:09:06,121.0,SRT-T09,788161258857679
9565845441,9520222332,SMS,2025-05-09 16:23:23,19.0,SRT-T04,788161258857679
9565845441,9531458701,SMS,2025-05-02 22:23:09,254.0,SRT-T04,788161258857679
9565845441,9742203203,VOICE,2025-05-03 15:24:56,128.0,SRT-T10,788161258857679
9565845441,9754105096,VOICE,2025-05-06 22:23:10,585.0,SRT-T10,788161258857679
9565845441,9531458701,VOICE,2025-05-01 18:07:34,73.0,SRT-T08,788161258857679
9565845441,9512276834,VOICE,2025-05-07 19:33:07,18.0,SRT-T10,788161258857679
9565845441,9520222332,VOICE,2025-05-21 07:43:48,8.0,SRT-T01,788161258857679
9565845441,9742203203,SMS,2025-05-03 21:12:18,72.0,SRT-T03,788161258857679
9565845441,9742203203,VOICE,2025-06-06 13:25:34,17.0,SRT-T05,788161258857679
9565845441,9559868851,SMS,2025-05-09 12:32:27,180.0,SRT-T04,788161258857679
9565845441,9742203203,SMS,2025-05-12 12:47:18,392.0,SRT-T10,788161258857679
9565845441,9754105096,SMS,2025-06-09 20:26:18,345.0,SRT-T07,788161258857679
9565845441,9754105096,VOICE,2025-05-17 15:25:58,122.0,SRT-T07,788161258857679
9565845441,9520222332,VOICE,2025-05-19 20:17:31,495.0,SRT-T02,788161258857679
9565845441,9742203203,VOICE,2025-05-13 16:23:28,571.0,SRT-T06,788161258857679
9565845441,9754105096,VOICE,2025-05-24 18:33:59,176.0,SRT-T01,788161258857679
9565845441,9559868851,SMS,2025-05-30 22:56:02,272.0,SRT-T03,788161258857679
9565845441,9754105096,VOICE,2025-06-01 13:28:34,22.0,SRT-T03,788161258857679
9565845441,9742203203,VOICE,2025-05-10 18:32:43,156.0,SRT-T10,788161258857679
9754105096,9567550769,SMS,2025-05-20 10:25:04,55.0,SRT-T06,054125182053652
9754105096,9892917728,VOICE,2025-05-06 09:59:22,74.0,SRT-T07,054125182053652
9754105096,9574612182,VOICE,2025-05-16 07:07:03,162.0,SRT-T04,054125182053652
9754105096,9537429671,VOICE,2025-05-10 19:38:53,536.0,SRT-T08,054125182053652
9754105096,9537429671,VOICE,2025-05-10 22:11:55,48.0,SRT-T06,054125182053652
9754105096,9745476551,VOICE,2025-05-07 07:29:06,164.0,SRT-T04,054125182053652
9754105096,9574612182,VOICE,2025-06-14 12:11:44,74.0,SRT-T06,054125182053652
9754105096,9745476551,VOICE,2025-05-03 08:15:16,166.0,SRT-T06,054125182053652
9754105096,9537429671,VOICE,2025-05-18 16:40:58,37.0,SRT-T01,054125182053652
9754105096,9537429671,VOICE,2025-05-12 22:07:52,591.0,SRT-T05,054125182053652
9754105096,9892917728,SMS,2025-05-02 17:03:18,104.0,SRT-T01,054125182053652
9754105096,9745476551,SMS,2025-05-18 19:39:50,144.0,SRT-T03,054125182053652
9754105096,9892917728,SMS,2025-05-10 15:34:16,26.0,SRT-T02,054125182053652
9754105096,9574612182,VOICE,2025-06-08 07:20:04,555.0,SRT-T06,054125182053652
9754105096,9745476551,SMS,2025-06-03 08:46:44,123.0,SRT-T01,054125182053652
9512276834,9834518814,VOICE,2025-05-25 20:26:59,122.0,SRT-T10,464944037850843
9512276834,9896317243,SMS,2025-05-09 08:25:44,314.0,SRT-T01,464944037850843
9512276834,9896317243,VOICE,2025-05-21 10:09:20,145.0,SRT-T03,464944037850843
9512276834,9651631365,VOICE,2025-05-13 17:33:57,11.0,SRT-T03,464944037850843
9512276834,9834518814,VOICE,2025-05-09 17:54:49,9.0,SRT-T10,464944037850843
9512276834,9568035221,SMS,2025-06-04 20:00:40,541.0,SRT-T09,464944037850843
9512276834,9896317243,VOICE,2025-05-30 09:32:03,489.0,SRT-T03,464944037850843
9512276834,9738477702,VOICE,2025-06-04 13:40:29,53.0,SRT-T01,464944037850843
9512276834,9738477702,VOICE,2025-06-05 21:19:46,111.0,SRT-T02,464944037850843
9512276834,9567550769,VOICE,2025-05-05 10:34:02,475.0,SRT-T05,464944037850843
9512276834,9651631365,VOICE,2025-06-01 09:01:31,30.0,SRT-T08,464944037850843
9512276834,9896317243,SMS,2025-05-01 16:10:37,169.0,SRT-T09,464944037850843
9512276834,9651631365,VOICE,2025-05-30 13:36:10,180.0,SRT-T07,464944037850843
9512276834,9738477702,SMS,2025-05-10 16:38:34,424.0,SRT-T03,464944037850843
9512276834,9738477702,VOICE,2025-05-09 15:34:11,5.0,SRT-T10,464944037850843
9512276834,9567550769,VOICE,2025-05-28 18:09:25,88.0,SRT-T02,464944037850843
9512276834,9765469697,VOICE,2025-05-21 16:23:55,83.0,SRT-T08,464944037850843
9512276834,9834518814,VOICE,2025-05-04 07:50:42,64.0,SRT-T02,464944037850843
9512276834,9834518814,VOICE,2025-05-25 17:07:56,17.0,SRT-T08,464944037850843
9512276834,9568035221,VOICE,2025-05-29 21:12:01,254.0,SRT-T01,464944037850843
9512276834,9568035221,SMS,2025-06-08 21:57:34,517.0,SRT-T07,464944037850843
9512276834,9896317243,VOICE,2025-05-14 08:27:52,25.0,SRT-T10,464944037850843
9512276834,9765469697,VOICE,2025-05-16 17:05:25,9.0,SRT-T10,464944037850843
9512276834,9567550769,VOICE,2025-05-09 20:28:30,96.0,SRT-T01,464944037850843
9512276834,9896317243,VOICE,2025-05-12 13:38:01,74.0,SRT-T02,464944037850843
9512276834,9896317243,VOICE,2025-05-23 20:07:07,19.0,SRT-T04,464944037850843
9512276834,9896317243,VOICE,2025-05-26 19:11:43,20.0,SRT-T05,464944037850843
9512276834,9896317243,VOICE,2025-05-28 09:59:59,6.0,SRT-T04,464944037850843
9675584082,9754105096,VOICE,2025-05-17 12:50:36,453.0,SRT-T04,837137437605664
9675584082,9815054631,VOICE,2025-06-02 17:28:24,34.0,SRT-T02,837137437605664
9675584082,9815054631,VOICE,2025-05-24 11:17:17,126.0,SRT-T02,837137437605664
9675584082,9754105096,SMS,2025-05-06 10:54:51,599.0,SRT-T09,837137437605664
9675584082,9834518814,SMS,2025-05-13 10:47:40,26.0,SRT-T10,837137437605664
9675584082,9834518814,VOICE,2025-05-20 07:58:31,9.0,SRT-T06,837137437605664
9675584082,9834518814,SMS,2025-05-01 11:31:51,21.0,SRT-T06,837137437605664
9675584082,9834518814,VOICE,2025-06-06 15:50:23,282.0,SRT-T05,837137437605664
9675584082,9747515200,SMS,2025-06-03 18:32:20,29.0,SRT-T08,837137437605664
9675584082,9747515200,VOICE,2025-05-20 15:21:07,202.0,SRT-T02,837137437605664
9675584082,9568035221,VOICE,2025-05-01 07:19:38,5.0,SRT-T05,837137437605664
9675584082,9754105096,VOICE,2025-05-06 19:05:12,17.0,SRT-T08,837137437605664
9675584082,9568035221,VOICE,2025-05-22 10:46:50,183.0,SRT-T07,837137437605664
9675584082,9815054631,SMS,2025-05-02 14:34:09,82.0,SRT-T09,837137437605664
9675584082,9747515200,VOICE,2025-05-17 15:36:52,27.0,SRT-T04,837137437605664
9675584082,9568035221,VOICE,2025-06-03 13:09:08,27.0,SRT-T08,837137437605664
9675584082,9754105096,VOICE,2025-05-28 20:09:34,29.0,SRT-T09,837137437605664
9815362394,9530739716,VOICE,2025-05-06 12:48:45,116.0,SRT-T03,428983825122160
9815362394,9610143038,VOICE,2025-06-05 11:21:03,88.0,SRT-T10,428983825122160
9815362394,9742203203,VOICE,2025-05-30 22:58:45,387.0,SRT-T09,428983825122160
9815362394,9530739716,VOICE,2025-05-21 09:45:37,86.0,SRT-T04,428983825122160
9815362394,9530739716,VOICE,2025-05-10 07:06:07,6.0,SRT-T10,428983825122160
9815362394,9610143038,VOICE,2025-06-02 20:30:53,580.0,SRT-T03,428983825122160
9815362394,9742203203,VOICE,2025-05-23 14:01:35,496.0,SRT-T09,428983825122160
9815362394,9742203203,VOICE,2025-06-13 19:16:39,296.0,SRT-T09,428983825122160
9815362394,9530739716,VOICE,2025-05-21 14:17:18,97.0,SRT-T03,428983825122160
9815362394,9661276073,VOICE,2025-05-02 16:27:08,61.0,SRT-T06,428983825122160
9815362394,9754105096,SMS,2025-06-01 18:27:25,175.0,SRT-T09,428983825122160
9815362394,9530739716,VOICE,2025-06-05 19:09:29,172.0,SRT-T01,428983825122160
9815362394,9815054631,SMS,2025-05-10 12:01:07,14.0,SRT-T02,428983825122160
9815362394,9754105096,VOICE,2025-05-11 20:11:18,10.0,SRT-T05,428983825122160
9815362394,9520222332,VOICE,2025-05-02 12:08:12,546.0,SRT-T07,428983825122160
9815362394,9815054631,SMS,2025-05-30 22:54:53,7.0,SRT-T02,428983825122160
9815362394,9815054631,VOICE,2025-05-15 07:55:32,7.0,SRT-T08,428983825122160
9815362394,9719579427,VOICE,2025-06-08 12:49:57,18.0,SRT-T07,428983825122160
9815362394,9661276073,VOICE,2025-06-02 19:29:55,60.0,SRT-T10,428983825122160
9815362394,9530739716,SMS,2025-05-09 22:18:08,84.0,SRT-T10,428983825122160
9815362394,9610143038,VOICE,2025-05-12 09:46:53,324.0,SRT-T06,428983825122160
9815362394,9815054631,VOICE,2025-06-06 13:45:29,80.0,SRT-T05,428983825122160
9815362394,9754105096,SMS,2025-05-24 21:03:58,167.0,SRT-T06,428983825122160
9645802968,9520222332,VOICE,2025-05-24 20:41:38,454.0,SRT-T03,574455750635184
9645802968,9520222332,VOICE,2025-06-09 15:16:39,116.0,SRT-T04,574455750635184
9645802968,9512276834,SMS,2025-05-31 08:58:14,210.0,SRT-T04,574455750635184
9645802968,9675584082,VOICE,2025-05-31 12:44:28,165.0,SRT-T02,574455750635184
9645802968,9522179222,VOICE,2025-05-20 12:19:15,178.0,SRT-T09,574455750635184
9645802968,9728534170,VOICE,2025-06-07 16:03:38,194.0,SRT-T06,574455750635184
9645802968,9728534170,VOICE,2025-05-30 19:40:43,23.0,SRT-T04,574455750635184
9645802968,9675584082,VOICE,2025-05-24 11:40:53,27.0,SRT-T10,574455750635184
9645802968,9675584082,VOICE,2025-05-08 16:36:58,18.0,SRT-T10,574455750635184
9645802968,9512276834,SMS,2025-06-14 16:33:20,23.0,SRT-T06,574455750635184
9645802968,9512276834,VOICE,2025-05-21 10:29:46,19.0,SRT-T08,574455750635184
9645802968,9520222332,VOICE,2025-05-29 19:52:59,217.0,SRT-T01,574455750635184
9645802968,9520222332,VOICE,2025-06-08 18:41:07,58.0,SRT-T09,574455750635184
9645802968,9520222332,VOICE,2025-05-06 08:52:02,163.0,SRT-T02,574455750635184
9645802968,9675584082,VOICE,2025-05-14 14:45:51,452.0,SRT-T07,574455750635184
9645802968,9522179222,SMS,2025-05-19 15:37:43,18.0,SRT-T05,574455750635184
9645802968,9512276834,VOICE,2025-05-28 16:39:21,49.0,SRT-T10,574455750635184
9645802968,9728534170,VOICE,2025-06-11 19:14:41,143.0,SRT-T09,574455750635184
9645802968,9522179222,VOICE,2025-05-07 19:39:14,9.0,SRT-T09,574455750635184
9645802968,9522179222,VOICE,2025-05-05 12:33:02,8.0,SRT-T06,574455750635184
9645802968,9728534170,VOICE,2025-06-06 14:49:56,6.0,SRT-T03,574455750635184
9645802968,9728534170,VOICE,2025-05-01 18:04:33,583.0,SRT-T05,574455750635184
9645802968,9522179222,VOICE,2025-06-09 14:10:29,15.0,SRT-T09,574455750635184
9645802968,9512276834,VOICE,2025-05-12 22:23:23,526.0,SRT-T02,574455750635184
9645802968,9520222332,SMS,2025-05-01 19:33:01,11.0,SRT-T02,574455750635184
9645802968,9520222332,VOICE,2025-05-28 13:13:07,394.0,SRT-T04,574455750635184
9645802968,9520222332,VOICE,2025-06-05 22:55:40,6.0,SRT-T03,574455750635184
9645802968,9522179222,SMS,2025-05-09 11:35:27,12.0,SRT-T06,574455750635184
9645802968,9512276834,VOICE,2025-05-19 10:37:14,12.0,SRT-T06,574455750635184
9645802968,9512276834,SMS,2025-05-12 16:58:34,376.0,SRT-T09,574455750635184
9645802968,9522179222,VOICE,2025-05-09 21:53:19,486.0,SRT-T07,574455750635184
9645802968,9728534170,VOICE,2025-05-11 09:07:06,113.0,SRT-T09,574455750635184
9747515200,9719579427,VOICE,2025-05-29 17:11:02,477.0,SRT-T07,271467550691034
9747515200,9520604193,VOICE,2025-05-28 22:20:11,26.0,SRT-T05,271467550691034
9747515200,9825678371,VOICE,2025-06-04 12:56:57,485.0,SRT-T05,271467550691034
9747515200,9531458701,VOICE,2025-05-01 14:41:44,465.0,SRT-T07,271467550691034
9747515200,9719579427,SMS,2025-06-12 20:54:59,57.0,SRT-T09,271467550691034
9747515200,9825678371,VOICE,2025-05-27 09:23:01,589.0,SRT-T05,271467550691034
9747515200,9825678371,VOICE,2025-05-16 13:21:13,463.0,SRT-T06,271467550691034
9747515200,9531458701,VOICE,2025-06-10 13:23:39,16.0,SRT-T10,271467550691034
9747515200,9531458701,SMS,2025-05-06 09:25:53,21.0,SRT-T01,271467550691034
9747515200,9719579427,VOICE,2025-05-12 12:52:34,301.0,SRT-T03,271467550691034
9747515200,9568946910,SMS,2025-05-30 11:55:04,25.0,SRT-T02,271467550691034
9747515200,9719579427,SMS,2025-06-05 18:41:18,325.0,SRT-T07,271467550691034
9747515200,9825678371,VOICE,2025-05-14 11:19:01,367.0,SRT-T01,271467550691034
9747515200,9531458701,VOICE,2025-06-13 11:07:26,340.0,SRT-T03,271467550691034
9747515200,9719579427,VOICE,2025-05-12 14:45:46,87.0,SRT-T06,271467550691034
9747515200,9520604193,VOICE,2025-05-05 22:22:42,235.0,SRT-T02,271467550691034
9747515200,9719579427,SMS,2025-05-26 19:38:26,26.0,SRT-T06,271467550691034
9747515200,9568946910,VOICE,2025-06-06 19:53:00,119.0,SRT-T05,271467550691034
9747515200,9520604193,VOICE,2025-05-26 21:06:58,376.0,SRT-T06,271467550691034
9747515200,9675584082,VOICE,2025-05-05 07:26:21,539.0,SRT-T02,271467550691034
9747515200,9719579427,VOICE,2025-05-28 19:18:33,8.0,SRT-T08,271467550691034
9747515200,9520604193,VOICE,2025-05-28 15:07:29,24.0,SRT-T02,271467550691034
9747515200,9520604193,VOICE,2025-05-02 13:23:58,206.0,SRT-T08,271467550691034
9747515200,9825678371,VOICE,2025-05-07 09:37:01,140.0,SRT-T01,271467550691034
9747515200,9568946910,VOICE,2025-06-06 22:30:24,166.0,SRT-T03,271467550691034
9747515200,9825678371,VOICE,2025-06-07 17:08:31,25.0,SRT-T05,271467550691034
9747515200,9568946910,VOICE,2025-05-29 13:53:19,18.0,SRT-T03,271467550691034
9747515200,9825678371,VOICE,2025-05-18 12:53:52,17.0,SRT-T08,271467550691034
9527236850,9677644717,VOICE,2025-05-12 20:15:08,56.0,SRT-T01,296874796640150
9527236850,9531458701,VOICE,2025-05-18 10:08:03,197.0,SRT-T06,296874796640150
9527236850,9825678371,VOICE,2025-05-04 11:47:20,23.0,SRT-T09,296874796640150
9527236850,9677644717,VOICE,2025-05-09 16:33:55,451.0,SRT-T06,296874796640150
9527236850,9825678371,VOICE,2025-06-09 20:09:03,22.0,SRT-T08,296874796640150
9527236850,9537429671,VOICE,2025-05-03 19:35:42,21.0,SRT-T03,296874796640150
9527236850,9728534170,VOICE,2025-06-09 12:41:44,30.0,SRT-T04,296874796640150
9527236850,9530739716,SMS,2025-06-12 13:52:59,398.0,SRT-T02,296874796640150
9527236850,9610143038,VOICE,2025-05-20 17:06:02,120.0,SRT-T09,296874796640150
9527236850,9531458701,VOICE,2025-06-07 21:50:51,449.0,SRT-T04,296874796640150
9527236850,9537429671,VOICE,2025-05-28 22:17:15,121.0,SRT-T06,296874796640150
9527236850,9677644717,VOICE,2025-06-09 10:39:45,74.0,SRT-T01,296874796640150
9527236850,9728534170,VOICE,2025-05-21 14:30:56,28.0,SRT-T10,296874796640150
9527236850,9610143038,VOICE,2025-06-01 07:06:50,7.0,SRT-T06,296874796640150
9527236850,9530739716,SMS,2025-05-24 08:09:28,131.0,SRT-T02,296874796640150
9527236850,9610143038,VOICE,2025-05-18 08:10:45,56.0,SRT-T10,296874796640150
9527236850,9537429671,VOICE,2025-06-05 15:10:36,23.0,SRT-T02,296874796640150
9527236850,9610143038,VOICE,2025-05-12 10:00:41,67.0,SRT-T03,296874796640150
9527236850,9530739716,VOICE,2025-05-04 14:04:41,138.0,SRT-T10,296874796640150
9527236850,9530739716,VOICE,2025-05-08 15:53:26,28.0,SRT-T02,296874796640150
9527236850,9531458701,VOICE,2025-06-08 17:37:21,30.0,SRT-T06,296874796640150
9527236850,9825678371,VOICE,2025-05-21 12:15:41,381.0,SRT-T02,296874796640150
9527236850,9531458701,VOICE,2025-05-22 17:20:13,533.0,SRT-T04,296874796640150
9527236850,9530739716,VOICE,2025-05-29 21:09:17,62.0,SRT-T09,296874796640150
9527236850,9537429671,VOICE,2025-05-19 16:53:03,350.0,SRT-T04,296874796640150
9527236850,9677644717,VOICE,2025-05-23 10:17:51,28.0,SRT-T05,296874796640150
9527236850,9531458701,VOICE,2025-05-14 10:16:40,91.0,SRT-T09,296874796640150
9527236850,9530739716,VOICE,2025-06-07 11:24:16,438.0,SRT-T10,296874796640150
9527236850,9531458701,VOICE,2025-05-03 19:37:15,301.0,SRT-T03,296874796640150
9527236850,9531458701,VOICE,2025-06-08 17:01:46,584.0,SRT-T07,296874796640150
9527236850,9728534170,SMS,2025-05-18 12:48:31,391.0,SRT-T05,296874796640150
9527236850,9610143038,SMS,2025-05-29 17:21:15,119.0,SRT-T03,296874796640150
9527236850,9610143038,VOICE,2025-05-04 08:24:39,371.0,SRT-T03,296874796640150
9527236850,9531458701,VOICE,2025-06-07 10:59:23,40.0,SRT-T08,296874796640150
9826246740,9567550769,VOICE,2025-05-29 10:15:00,64.0,SRT-T05,549552160605974
9567550769,9896317243,VOICE,2025-05-29 12:13:00,173.0,SRT-T03,597586462566857
9896317243,9815054631,VOICE,2025-05-29 14:12:00,69.0,SRT-T03,758002284493814
9815054631,9826246740,VOICE,2025-05-29 18:06:00,102.0,SRT-T08,292236836548376
9826246740,9645802968,VOICE,2025-05-21 15:55:09,18.0,SRT-T06,549552160605974
9826246740,9815362394,SMS,2025-05-07 10:27:14,162.0,SRT-T04,549552160605974
9826246740,9728534170,SMS,2025-06-12 13:49:44,408.0,SRT-T10,549552160605974
9826246740,9765469697,SMS,2025-05-18 09:53:04,143.0,SRT-T07,549552160605974
9826246740,9574612182,VOICE,2025-05-19 08:19:30,126.0,SRT-T08,549552160605974
9826246740,9531458701,VOICE,2025-05-08 18:09:02,160.0,SRT-T04,549552160605974
9826246740,9815362394,VOICE,2025-05-21 09:15:43,129.0,SRT-T02,549552160605974
9826246740,9531458701,SMS,2025-06-07 08:35:48,139.0,SRT-T06,549552160605974
9826246740,9651631365,SMS,2025-06-10 07:59:03,275.0,SRT-T10,549552160605974
9826246740,9815362394,VOICE,2025-06-01 07:38:58,15.0,SRT-T10,549552160605974
9826246740,9531458701,VOICE,2025-05-17 12:53:05,357.0,SRT-T04,549552160605974
9826246740,9645802968,VOICE,2025-05-03 16:55:35,143.0,SRT-T08,549552160605974
9826246740,9815362394,VOICE,2025-05-09 17:33:43,66.0,SRT-T07,549552160605974
9826246740,9728534170,VOICE,2025-05-02 19:35:08,15.0,SRT-T02,549552160605974
9826246740,9651631365,VOICE,2025-06-14 20:12:31,364.0,SRT-T03,549552160605974
9826246740,9645802968,VOICE,2025-06-09 10:38:56,12.0,SRT-T06,549552160605974
9826246740,9765469697,VOICE,2025-05-06 14:14:01,361.0,SRT-T01,549552160605974
9826246740,9815362394,VOICE,2025-05-28 09:19:33,44.0,SRT-T07,549552160605974
9826246740,9651631365,VOICE,2025-05-22 08:28:41,255.0,SRT-T08,549552160605974
9826246740,9574612182,VOICE,2025-05-23 11:49:57,27.0,SRT-T05,549552160605974
9826246740,9651631365,VOICE,2025-06-02 10:58:40,102.0,SRT-T06,549552160605974
9826246740,9765469697,SMS,2025-06-03 21:50:16,25.0,SRT-T01,549552160605974
9826246740,9531458701,VOICE,2025-05-21 16:09:54,167.0,SRT-T10,549552160605974
9826246740,9765469697,VOICE,2025-06-02 10:47:05,181.0,SRT-T04,549552160605974
9826246740,9574612182,SMS,2025-06-11 09:08:27,9.0,SRT-T01,549552160605974
9826246740,9765469697,SMS,2025-05-21 16:42:22,153.0,SRT-T03,549552160605974
9826246740,9651631365,VOICE,2025-05-29 11:20:18,131.0,SRT-T09,549552160605974
9826246740,9574612182,VOICE,2025-05-28 08:26:45,143.0,SRT-T09,549552160605974
9826246740,9651631365,VOICE,2025-05-28 17:54:01,80.0,SRT-T03,549552160605974
9826246740,9574612182,VOICE,2025-05-10 22:53:59,451.0,SRT-T07,549552160605974
9826246740,9645802968,VOICE,2025-06-05 08:18:55,258.0,SRT-T02,549552160605974
9826246740,9651631365,VOICE,2025-05-06 10:07:51,157.0,SRT-T02,549552160605974
9787407701,9520604193,VOICE,2025-06-07 10:06:00,88.0,SRT-T01,379373431392951
9787407701,9892917728,SMS,2025-05-14 18:25:47,12.0,SRT-T10,379373431392951
9787407701,9610143038,VOICE,2025-06-06 20:53:17,455.0,SRT-T08,379373431392951
9787407701,9677644717,SMS,2025-06-11 07:16:52,29.0,SRT-T04,379373431392951
9787407701,9781009722,VOICE,2025-05-04 11:01:45,25.0,SRT-T08,379373431392951
9787407701,9892917728,VOICE,2025-05-15 21:25:57,169.0,SRT-T08,379373431392951
9787407701,9610143038,VOICE,2025-05-15 08:01:19,51.0,SRT-T06,379373431392951
9787407701,9610143038,VOICE,2025-06-02 12:47:52,15.0,SRT-T07,379373431392951
9787407701,9765469697,SMS,2025-05-20 09:44:36,20.0,SRT-T02,379373431392951
9787407701,9765469697,VOICE,2025-06-04 21:57:28,172.0,SRT-T09,379373431392951
9787407701,9610143038,SMS,2025-05-10 10:28:19,410.0,SRT-T04,379373431392951
9787407701,9728534170,VOICE,2025-05-11 16:46:49,5.0,SRT-T09,379373431392951
9787407701,9765469697,VOICE,2025-05-10 12:34:38,579.0,SRT-T03,379373431392951
9787407701,9675584082,SMS,2025-05-04 14:22:51,33.0,SRT-T02,379373431392951
9787407701,9728534170,VOICE,2025-05-09 07:10:10,88.0,SRT-T05,379373431392951
9787407701,9765469697,VOICE,2025-05-26 08:05:27,402.0,SRT-T09,379373431392951
9787407701,9781009722,VOICE,2025-05-19 12:51:30,17.0,SRT-T06,379373431392951
9787407701,9781009722,VOICE,2025-06-14 08:52:26,18.0,SRT-T06,379373431392951
9787407701,9892917728,SMS,2025-05-10 13:57:33,296.0,SRT-T03,379373431392951
9787407701,9892917728,SMS,2025-05-08 18:30:20,17.0,SRT-T05,379373431392951
9787407701,9781009722,VOICE,2025-06-14 07:34:43,38.0,SRT-T09,379373431392951
9787407701,9892917728,VOICE,2025-06-14 12:51:06,9.0,SRT-T05,379373431392951
9787407701,9677644717,VOICE,2025-05-27 13:23:46,86.0,SRT-T09,379373431392951
9787407701,9610143038,VOICE,2025-06-02 13:12:31,272.0,SRT-T01,379373431392951
9787407701,9728534170,VOICE,2025-06-12 13:42:23,89.0,SRT-T02,379373431392951
9787407701,9610143038,VOICE,2025-05-16 20:23:28,8.0,SRT-T10,379373431392951
9787407701,9728534170,SMS,2025-05-14 09:24:43,382.0,SRT-T06,379373431392951
9787407701,9781009722,VOICE,2025-06-02 13:17:55,425.0,SRT-T02,379373431392951
9787407701,9892917728,SMS,2025-05-17 12:21:01,11.0,SRT-T10,379373431392951
9618117999,9651631365,VOICE,2025-05-31 17:53:41,240.0,SRT-T04,210478431482301
9618117999,9825678371,VOICE,2025-05-24 18:49:25,29.0,SRT-T08,210478431482301
9618117999,9651631365,VOICE,2025-06-04 09:12:02,257.0,SRT-T10,210478431482301
9618117999,9825678371,VOICE,2025-06-12 06:14:31,296.0,SRT-T08,210478431482301
9618117999,9651631365,VOICE,2025-06-08 07:21:29,138.0,SRT-T07,210478431482301
9618117999,9825678371,VOICE,2025-05-15 22:06:54,29.0,SRT-T08,210478431482301
9618117999,9531458701,VOICE,2025-05-24 05:49:02,280.0,SRT-T09,210478431482301
9618117999,9651631365,VOICE,2025-05-21 00:16:56,126.0,SRT-T03,210478431482301
9618117999,9825678371,VOICE,2025-05-09 09:51:47,137.0,SRT-T10,210478431482301
9649497830,9512276834,VOICE,2025-05-30 10:42:20,133.0,SRT-T09,210478431482301
9649497830,9815362394,VOICE,2025-05-09 13:35:22,145.0,SRT-T08,210478431482301
9649497830,9651631365,VOICE,2025-05-26 18:59:29,47.0,SRT-T06,210478431482301
9649497830,9512276834,VOICE,2025-05-19 18:38:49,120.0,SRT-T03,210478431482301
9649497830,9815362394,VOICE,2025-05-29 02:26:26,210.0,SRT-T09,210478431482301
9647341560,9531458701,VOICE,2025-06-14 17:34:39,24.0,SRT-T07,210478431482301
9647341560,9531458701,VOICE,2025-05-04 02:08:08,117.0,SRT-T07,210478431482301
9647341560,9512276834,VOICE,2025-05-30 14:27:32,140.0,SRT-T04,210478431482301
9647341560,9512276834,VOICE,2025-05-02 05:28:40,30.0,SRT-T03,210478431482301
9647341560,9651631365,VOICE,2025-06-10 13:13:24,34.0,SRT-T06,210478431482301
9647341560,9815362394,VOICE,2025-05-02 11:29:58,17.0,SRT-T07,210478431482301
9654429435,9559868851,VOICE,2025-05-21 14:00:00,120.0,SRT-T05,487903046011083
9654429435,9670936518,VOICE,2025-06-11 14:25:12,9.0,SRT-T07,487903046011083
9654429435,9754105096,VOICE,2025-05-29 10:07:17,166.0,SRT-T02,487903046011083
9654429435,9677644717,VOICE,2025-05-26 22:43:58,28.0,SRT-T01,487903046011083
9654429435,9834518814,SMS,2025-06-13 16:14:42,94.0,SRT-T05,487903046011083
9654429435,9754105096,VOICE,2025-05-14 21:30:37,25.0,SRT-T08,487903046011083
9654429435,9670936518,VOICE,2025-05-20 08:04:55,595.0,SRT-T06,487903046011083
9654429435,9677644717,VOICE,2025-06-05 09:16:29,541.0,SRT-T06,487903046011083
9654429435,9645802968,VOICE,2025-05-18 18:45:57,61.0,SRT-T09,487903046011083
9654429435,9670936518,SMS,2025-06-14 18:58:24,15.0,SRT-T10,487903046011083
9654429435,9670936518,VOICE,2025-06-02 12:26:37,19.0,SRT-T08,487903046011083
9654429435,9568035221,SMS,2025-05-26 13:05:19,20.0,SRT-T07,487903046011083
9654429435,9559868851,VOICE,2025-05-21 08:12:33,377.0,SRT-T01,487903046011083
9654429435,9677644717,VOICE,2025-05-03 20:55:28,26.0,SRT-T09,487903046011083
9654429435,9568035221,SMS,2025-06-10 17:45:30,26.0,SRT-T05,487903046011083
9654429435,9834518814,VOICE,2025-05-01 22:23:24,22.0,SRT-T04,487903046011083
9654429435,9559868851,SMS,2025-06-10 08:27:44,156.0,SRT-T01,487903046011083
9654429435,9834518814,VOICE,2025-05-30 21:10:16,520.0,SRT-T08,487903046011083
9654429435,9559868851,VOICE,2025-05-10 17:46:03,6.0,SRT-T03,487903046011083
9654429435,9677644717,VOICE,2025-05-30 08:37:50,163.0,SRT-T03,487903046011083
9654429435,9754105096,VOICE,2025-05-27 08:19:53,402.0,SRT-T01,487903046011083
9654429435,9568035221,VOICE,2025-05-27 16:08:17,18.0,SRT-T02,487903046011083
9654429435,9677644717,VOICE,2025-05-27 10:28:26,9.0,SRT-T07,487903046011083
9654429435,9754105096,VOICE,2025-05-18 08:15:18,432.0,SRT-T07,487903046011083
9654429435,9645802968,SMS,2025-05-05 12:53:30,136.0,SRT-T06,487903046011083
9654429435,9754105096,SMS,2025-05-31 11:24:05,515.0,SRT-T06,487903046011083
9654429435,9754105096,VOICE,2025-06-09 12:06:51,336.0,SRT-T04,487903046011083
9654429435,9559868851,VOICE,2025-05-16 09:07:24,115.0,SRT-T05,487903046011083
9654429435,9834518814,VOICE,2025-05-28 22:49:19,439.0,SRT-T01,487903046011083
